RegistrationKey,RegistrationStatus,StudentId,CoursesId
R001,Active,2183,MSAI106
R002,Active,2183,MSAI109
R003,Active,2183,MSAI103
R004,Waitlisted,2183,MSAI101
R005,Active,2183,MSAI105
R006,Active,2116,MSAI102
R007,Active,2116,MSAI106
R008,Dropped,2116,MSAI104
R009,Active,2116,MSAI103
R010,Dropped,2116,MSAI109
R011,Active,2269,MSAI101
R012,Active,2269,MSAI105
R013,Active,2269,MSAI103
R014,Active,2269,MSAI107
R015,Active,2269,MSAI108
R016,Active,2091,MSAI103
R017,Active,2091,MSAI109
R018,Active,2091,MSAI107
R019,Active,2091,MSAI108
R020,Active,2091,MSAI106
R021,Active,2091,MSAI102
R022,Waitlisted,2091,MSAI101
R023,Active,2280,MSAI102
R024,Waitlisted,2280,MSAI109
R025,Active,2280,MSAI104
R026,Active,2280,MSAI108
R027,Active,2280,MSAI106
R028,Active,2280,MSAI105
R029,Active,2280,MSAI103
R030,Active,2280,MSAI101
R031,Active,2358,MSAI107
R032,Active,2358,MSAI102
R033,Active,2358,MSAI108
R034,Active,2358,MSAI104
R035,Active,2358,MSAI105
R036,Active,2358,MSAI101
R037,Dropped,2358,MSAI109
R038,Active,2358,MSAI106
R039,Active,2358,MSAI103
R040,Active,2215,MSAI102
R041,Waitlisted,2215,MSAI105
R042,Active,2215,MSAI108
R043,Active,2215,MSAI109
R044,Active,2215,MSAI101
R045,Waitlisted,2215,MSAI107
R046,Active,2215,MSAI106
R047,Active,2215,MSAI103
R048,Active,2211,MSAI109
R049,Active,2211,MSAI101
R050,Active,2211,MSAI108
R051,Active,2211,MSAI102
R052,Active,2211,MSAI104
R053,Active,2211,MSAI106
R054,Waitlisted,2211,MSAI103
R055,Dropped,2211,MSAI107
R056,Active,2211,MSAI105
R057,Active,2024,MSAI104
R058,Active,2237,MSAI103
R059,Active,2237,MSAI102
R060,Active,2237,MSAI108
R061,Active,2237,MSAI106
R062,Active,2237,MSAI105
R063,Active,2237,MSAI101
R064,Active,2237,MSAI107
R065,Active,2388,MSAI103
R066,Active,2388,MSAI109
R067,Waitlisted,2388,MSAI104
R068,Active,2388,MSAI106
R069,Active,2388,MSAI108
R070,Active,2388,MSAI107
R071,Dropped,2388,MSAI102
R072,Active,2388,MSAI101
R073,Active,2045,MSAI105
R074,Active,2045,MSAI108
R075,Active,2045,MSAI102
R076,Active,2384,MSAI103
R077,Active,2384,MSAI101
R078,Active,2020,MSAI102
R079,Active,2075,MSAI102
R080,Active,2075,MSAI104
R081,Active,2075,MSAI108
R082,Active,2075,MSAI107
R083,Dropped,2075,MSAI103
R084,Active,2075,MSAI109
R085,Active,2075,MSAI101
R086,Active,2075,MSAI106
R087,Active,2075,MSAI105
R088,Active,2396,MSAI105
R089,Active,2396,MSAI103
R090,Waitlisted,2396,MSAI108
R091,Active,2396,MSAI106
R092,Active,2396,MSAI109
R093,Active,2396,MSAI104
R094,Active,2226,MSAI103
R095,Waitlisted,2226,MSAI109
R096,Active,2226,MSAI101
R097,Active,2226,MSAI108
R098,Active,2226,MSAI102
R099,Active,2226,MSAI106
R100,Active,2385,MSAI103
R101,Waitlisted,2385,MSAI104
R102,Active,2115,MSAI104
R103,Active,2115,MSAI102
R104,Active,2115,MSAI106
R105,Active,2115,MSAI101
R106,Active,2115,MSAI103
R107,Active,2115,MSAI107
R108,Active,2115,MSAI105
R109,Active,2191,MSAI103
R110,Active,2191,MSAI102
R111,Active,2191,MSAI106
R112,Active,2191,MSAI104
R113,Active,2191,MSAI101
R114,Active,2191,MSAI109
R115,Dropped,2374,MAAE603
R116,Active,2374,MAAE608
R117,Waitlisted,2374,MAAE607
R118,Active,2374,MAAE605
R119,Active,2374,MAAE609
R120,Active,2374,MAAE606
R121,Waitlisted,2127,MAAE602
R122,Active,2127,MAAE607
R123,Active,2127,MAAE603
R124,Active,2127,MAAE609
R125,Active,2127,MAAE608
R126,Active,2127,MAAE601
R127,Active,2127,MAAE605
R128,Active,2353,MAAE607
R129,Active,2048,MAAE602
R130,Active,2048,MAAE606
R131,Active,2048,MAAE608
R132,Active,2048,MAAE601
R133,Active,2048,MAAE607
R134,Active,2048,MAAE604
R135,Active,2048,MAAE605
R136,Dropped,2048,MAAE609
R137,Active,2048,MAAE603
R138,Active,2267,MAAE603
R139,Active,2267,MAAE606
R140,Active,2179,MAAE604
R141,Active,2179,MAAE608
R142,Active,2179,MAAE607
R143,Active,2179,MAAE602
R144,Active,2130,MAAE602
R145,Active,2130,MAAE607
R146,Active,2130,MAAE608
R147,Active,2130,MAAE605
R148,Active,2130,MAAE609
R149,Active,2130,MAAE606
R150,Active,2130,MAAE601
R151,Active,2130,MAAE603
R152,Active,2367,MAAE606
R153,Active,2367,MAAE602
R154,Active,2367,MAAE605
R155,Active,2367,MAAE601
R156,Active,2383,MAAE603
R157,Active,2383,MAAE604
R158,Active,2383,MAAE602
R159,Active,2383,MAAE608
R160,Active,2383,MAAE605
R161,Active,2383,MAAE607
R162,Active,2383,MAAE606
R163,Active,2383,MAAE601
R164,Active,2078,MAAE609
R165,Active,2078,MAAE605
R166,Active,2078,MAAE606
R167,Active,2057,MAAE606
R168,Dropped,2057,MAAE602
R169,Active,2057,MAAE609
R170,Active,2057,MAAE604
R171,Active,2057,MAAE605
R172,Active,2359,MAAE607
R173,Dropped,2359,MAAE602
R174,Active,2359,MAAE605
R175,Active,2359,MAAE609
R176,Active,2359,MAAE606
R177,Active,2359,MAAE608
R178,Waitlisted,2359,MAAE601
R179,Active,2359,MAAE604
R180,Active,2359,MAAE603
R181,Dropped,2379,MAAE601
R182,Active,2263,MAAE606
R183,Active,2263,MAAE603
R184,Active,2263,MAAE604
R185,Active,2006,MAAE607
R186,Active,2053,MAAE606
R187,Active,2053,MAAE609
R188,Active,2124,MAAE602
R189,Active,2124,MAAE609
R190,Active,2124,MAAE603
R191,Active,2139,MAAE606
R192,Active,2323,MAAE606
R193,Active,2327,MAAE607
R194,Active,2327,MAAE602
R195,Active,2327,MAAE608
R196,Active,2327,MAAE605
R197,Waitlisted,2327,MAAE609
R198,Active,2327,MAAE606
R199,Active,2327,MAAE604
R200,Active,2327,MAAE603
R201,Active,2007,MSDS202
R202,Active,2007,MSDS207
R203,Active,2007,MSDS206
R204,Active,2007,MSDS209
R205,Active,2007,MSDS205
R206,Active,2007,MSDS204
R207,Active,2007,MSDS201
R208,Active,2007,MSDS208
R209,Active,2007,MSDS203
R210,Active,2052,MSDS201
R211,Active,2229,MSDS206
R212,Active,2229,MSDS207
R213,Active,2229,MSDS209
R214,Active,2229,MSDS205
R215,Active,2229,MSDS204
R216,Active,2229,MSDS202
R217,Active,2248,MSDS205
R218,Active,2248,MSDS204
R219,Active,2248,MSDS202
R220,Active,2248,MSDS201
R221,Active,2248,MSDS203
R222,Active,2248,MSDS209
R223,Active,2248,MSDS208
R224,Active,2248,MSDS207
R225,Active,2248,MSDS206
R226,Active,2173,MSDS207
R227,Active,2173,MSDS206
R228,Active,2173,MSDS201
R229,Active,2173,MSDS205
R230,Active,2173,MSDS203
R231,Waitlisted,2112,MSDS201
R232,Active,2112,MSDS208
R233,Active,2112,MSDS209
R234,Active,2112,MSDS205
R235,Active,2112,MSDS206
R236,Active,2112,MSDS202
R237,Active,2112,MSDS204
R238,Active,2198,MSDS204
R239,Waitlisted,2198,MSDS203
R240,Dropped,2198,MSDS206
R241,Active,2198,MSDS201
R242,Active,2031,MSDS204
R243,Waitlisted,2031,MSDS209
R244,Active,2031,MSDS201
R245,Active,2031,MSDS208
R246,Active,2031,MSDS203
R247,Active,2031,MSDS202
R248,Active,2031,MSDS206
R249,Active,2031,MSDS205
R250,Active,2031,MSDS207
R251,Active,2320,MSDS201
R252,Active,2320,MSDS207
R253,Active,2320,MSDS209
R254,Active,2320,MSDS203
R255,Active,2320,MSDS208
R256,Active,2320,MSDS202
R257,Active,2320,MSDS206
R258,Active,2320,MSDS205
R259,Waitlisted,2037,MSDS207
R260,Active,2037,MSDS208
R261,Active,2037,MSDS205
R262,Active,2104,MSDS204
R263,Active,2104,MSDS208
R264,Active,2104,MSDS201
R265,Active,2104,MSDS203
R266,Active,2104,MSDS207
R267,Active,2104,MSDS205
R268,Active,2104,MSDS209
R269,Active,2104,MSDS202
R270,Active,2155,MSDS209
R271,Active,2155,MSDS208
R272,Active,2155,MSDS206
R273,Active,2155,MSDS202
R274,Active,2155,MSDS201
R275,Active,2155,MSDS204
R276,Active,2155,MSDS203
R277,Active,2155,MSDS207
R278,Active,2330,MSDS204
R279,Dropped,2330,MSDS208
R280,Active,2330,MSDS201
R281,Active,2330,MSDS205
R282,Dropped,2330,MSDS203
R283,Active,2330,MSDS207
R284,Active,2330,MSDS209
R285,Active,2260,MSDS208
R286,Active,2260,MSDS206
R287,Active,2260,MSDS204
R288,Active,2260,MSDS205
R289,Active,2260,MSDS203
R290,Active,2300,MSDS205
R291,Active,2300,MSDS207
R292,Active,2300,MSDS203
R293,Active,2300,MSDS209
R294,Active,2200,MSDS205
R295,Active,2200,MSDS209
R296,Active,2200,MSDS206
R297,Active,2200,MSDS208
R298,Active,2200,MSDS202
R299,Active,2200,MSDS207
R300,Active,2364,MSDS201
R301,Active,2364,MSDS202
R302,Waitlisted,2364,MSDS204
R303,Active,2364,MSDS209
R304,Active,2364,MSDS208
R305,Active,2364,MSDS203
R306,Active,2364,MSDS205
R307,Active,2364,MSDS207
R308,Active,2364,MSDS206
R309,Active,2129,MSDS209
R310,Active,2129,MSDS203
R311,Dropped,2129,MSDS207
R312,Active,2129,MSDS202
R313,Active,2129,MSDS205
R314,Active,2129,MSDS204
R315,Dropped,2129,MSDS201
R316,Waitlisted,2129,MSDS206
R317,Active,2129,MSDS208
R318,Active,2274,MSDS209
R319,Active,2274,MSDS206
R320,Active,2274,MSDS204
R321,Active,2274,MSDS203
R322,Active,2274,MSDS205
R323,Active,2274,MSDS208
R324,Active,2274,MSDS202
R325,Active,2274,MSDS201
R326,Waitlisted,2274,MSDS207
R327,Active,2088,MSDS204
R328,Active,2088,MSDS209
R329,Active,2088,MSDS205
R330,Active,2088,MSDS208
R331,Active,2088,MSDS201
R332,Active,2088,MSDS202
R333,Dropped,2286,MSFI306
R334,Active,2286,MSFI309
R335,Active,2286,MSFI305
R336,Active,2286,MSFI301
R337,Active,2286,MSFI307
R338,Active,2286,MSFI303
R339,Active,2286,MSFI308
R340,Active,2286,MSFI302
R341,Active,2052,MSFI306
R342,Active,2052,MSFI305
R343,Dropped,2052,MSFI308
R344,Active,2052,MSFI307
R345,Active,2052,MSFI301
R346,Active,2274,MSFI301
R347,Active,2274,MSFI303
R348,Active,2274,MSFI308
R349,Active,2274,MSFI306
R350,Dropped,2274,MSFI309
R351,Waitlisted,2274,MSFI305
R352,Waitlisted,2274,MSFI302
R353,Active,2274,MSFI307
R354,Active,2274,MSFI304
R355,Waitlisted,2071,MSFI303
R356,Active,2071,MSFI306
R357,Active,2314,MSFI307
R358,Active,2314,MSFI306
R359,Active,2360,MSFI307
R360,Active,2334,MSFI307
R361,Active,2334,MSFI301
R362,Active,2378,MSFI301
R363,Active,2378,MSFI303
R364,Active,2378,MSFI304
R365,Active,2378,MSFI309
R366,Waitlisted,2378,MSFI305
R367,Active,2187,MSFI301
R368,Active,2187,MSFI306
R369,Active,2187,MSFI305
R370,Active,2187,MSFI307
R371,Active,2021,MSFI307
R372,Active,2021,MSFI305
R373,Active,2202,MSFI308
R374,Dropped,2202,MSFI307
R375,Active,2380,MSFI308
R376,Waitlisted,2380,MSFI307
R377,Active,2380,MSFI305
R378,Active,2380,MSFI303
R379,Active,2380,MSFI301
R380,Waitlisted,2380,MSFI306
R381,Active,2380,MSFI309
R382,Active,2380,MSFI304
R383,Active,2380,MSFI302
R384,Active,2005,MSFI301
R385,Active,2382,MSFI308
R386,Active,2382,MSFI305
R387,Active,2382,MSFI304
R388,Active,2382,MSFI309
R389,Active,2382,MSFI301
R390,Active,2382,MSFI302
R391,Active,2382,MSFI307
R392,Active,2382,MSFI306
R393,Waitlisted,2382,MSFI303
R394,Active,2012,MSFI308
R395,Active,2012,MSFI306
R396,Active,2012,MSFI307
R397,Active,2012,MSFI303
R398,Active,2012,MSFI301
R399,Active,2012,MSFI304
R400,Active,2012,MSFI305
R401,Active,2012,MSFI309
R402,Waitlisted,2203,MSFI306
R403,Dropped,2203,MSFI309
R404,Waitlisted,2203,MSFI308
R405,Active,2203,MSFI307
R406,Active,2203,MSFI303
R407,Active,2203,MSFI301
R408,Active,2203,MSFI305
R409,Active,2054,MSFI304
R410,Active,2054,MSFI307
R411,Active,2054,MSFI302
R412,Active,2288,MSFI303
R413,Active,2288,MSFI308
R414,Active,2288,MSFI307
R415,Active,2288,MSFI306
R416,Active,2147,MSFI303
R417,Active,2147,MSFI302
R418,Active,2147,MSFI301
R419,Active,2147,MSFI304
R420,Dropped,2147,MSFI308
R421,Active,2147,MSFI305
R422,Waitlisted,2147,MSFI306
R423,Active,2147,MSFI307
R424,Dropped,2335,MSFI301
R425,Active,2335,MSFI304
R426,Active,2335,MSFI302
R427,Active,2335,MSFI307
R428,Active,2335,MSFI306
R429,Active,2316,MSDR502
R430,Active,2316,MSDR503
R431,Active,2316,MSDR501
R432,Active,2316,MSDR504
R433,Active,2316,MSDR508
R434,Active,2316,MSDR505
R435,Active,2316,MSDR507
R436,Active,2316,MSDR509
R437,Active,2316,MSDR506
R438,Active,2235,MSDR501
R439,Active,2235,MSDR508
R440,Active,2235,MSDR502
R441,Active,2235,MSDR506
R442,Active,2235,MSDR507
R443,Active,2235,MSDR509
R444,Active,2235,MSDR504
R445,Active,2035,MSDR507
R446,Waitlisted,2035,MSDR508
R447,Active,2035,MSDR501
R448,Active,2035,MSDR506
R449,Active,2234,MSDR508
R450,Active,2234,MSDR506
R451,Dropped,2234,MSDR505
R452,Dropped,2234,MSDR504
R453,Waitlisted,2234,MSDR502
R454,Active,2234,MSDR503
R455,Active,2234,MSDR509
R456,Active,2234,MSDR507
R457,Active,2234,MSDR501
R458,Active,2007,MSDR509
R459,Active,2007,MSDR504
R460,Active,2231,MSDR509
R461,Active,2231,MSDR505
R462,Active,2231,MSDR502
R463,Active,2231,MSDR508
R464,Waitlisted,2148,MSDR506
R465,Active,2148,MSDR502
R466,Active,2148,MSDR504
R467,Active,2148,MSDR508
R468,Active,2341,MSDR508
R469,Active,2341,MSDR506
R470,Active,2341,MSDR507
R471,Active,2341,MSDR501
R472,Active,2341,MSDR502
R473,Active,2341,MSDR504
R474,Active,2001,MSDR508
R475,Active,2001,MSDR506
R476,Active,2001,MSDR504
R477,Active,2001,MSDR509
R478,Active,2001,MSDR502
R479,Active,2001,MSDR503
R480,Active,2101,MSDR504
R481,Active,2101,MSDR503
R482,Active,2101,MSDR501
R483,Dropped,2101,MSDR505
R484,Active,2201,MSDR501
R485,Active,2201,MSDR508
R486,Active,2201,MSDR507
R487,Active,2201,MSDR509
R488,Waitlisted,2201,MSDR506
R489,Active,2065,MSDR506
R490,Active,2065,MSDR503
R491,Active,2065,MSDR507
R492,Active,2065,MSDR502
R493,Active,2065,MSDR501
R494,Active,2065,MSDR508
R495,Active,2241,MSDR501
R496,Active,2241,MSDR503
R497,Active,2241,MSDR502
R498,Active,2149,MSDR504
R499,Active,2149,MSDR505
R500,Active,2149,MSDR506
R501,Active,2149,MSDR508
R502,Active,2149,MSDR501
R503,Active,2149,MSDR507
R504,Active,2200,MSDR505
R505,Active,2200,MSDR501
R506,Active,2200,MSDR507
R507,Active,2293,MSDR501
R508,Active,2293,MSDR505
R509,Active,2293,MSDR502
R510,Active,2293,MSDR507
R511,Active,2293,MSDR509
R512,Active,2293,MSDR504
R513,Active,2293,MSDR506
R514,Active,2293,MSDR503
R515,Active,2109,MSDR504
R516,Active,2109,MSDR507
R517,Waitlisted,2109,MSDR509
R518,Active,2109,MSDR508
R519,Active,2109,MSDR501
R520,Active,2109,MSDR503
R521,Dropped,2338,MSDR508
R522,Dropped,2338,MSDR507
R523,Active,2338,MSDR503
R524,Active,2338,MSDR504
R525,Active,2338,MSDR509
R526,Active,2338,MSDR505
R527,Active,2338,MSDR502
R528,Active,2338,MSDR501
R529,Active,2338,MSDR506
R530,Active,2076,MSDR509
R531,Active,2076,MSDR502
R532,Active,2076,MSDR506
R533,Active,2076,MSDR503
R534,Active,2076,MSDR505
R535,Active,2076,MSDR507
R536,Active,2050,MSDR508
R537,Active,2050,MSDR503
R538,Active,2050,MSDR507
R539,Active,2050,MSDR506
R540,Active,2050,MSDR502
R541,Active,2050,MSDR509
R542,Active,2050,MSDR501
R543,Active,2207,MSPH702
R544,Active,2380,MSPH702
R545,Active,2380,MSPH707
R546,Active,2380,MSPH709
R547,Active,2380,MSPH701
R548,Active,2380,MSPH703
R549,Active,2380,MSPH706
R550,Dropped,2380,MSPH704
R551,Active,2195,MSPH705
R552,Active,2195,MSPH709
R553,Active,2195,MSPH708
R554,Active,2195,MSPH702
R555,Waitlisted,2195,MSPH707
R556,Active,2195,MSPH703
R557,Active,2195,MSPH706
R558,Active,2195,MSPH704
R559,Active,2321,MSPH701
R560,Active,2321,MSPH707
R561,Active,2015,MSPH704
R562,Active,2015,MSPH705
R563,Active,2015,MSPH702
R564,Active,2015,MSPH709
R565,Active,2015,MSPH703
R566,Active,2015,MSPH706
R567,Active,2015,MSPH707
R568,Active,2304,MSPH703
R569,Active,2334,MSPH705
R570,Active,2334,MSPH701
R571,Active,2334,MSPH702
R572,Active,2334,MSPH707
R573,Active,2029,MSPH703
R574,Active,2029,MSPH707
R575,Active,2030,MSPH704
R576,Active,2030,MSPH706
R577,Active,2030,MSPH707
R578,Active,2030,MSPH703
R579,Active,2208,MSPH703
R580,Active,2208,MSPH707
R581,Active,2208,MSPH704
R582,Active,2208,MSPH705
R583,Active,2231,MSPH702
R584,Active,2231,MSPH703
R585,Active,2231,MSPH701
R586,Active,2265,MSPH706
R587,Active,2265,MSPH702
R588,Active,2265,MSPH709
R589,Active,2265,MSPH708
R590,Active,2265,MSPH705
R591,Dropped,2013,MSPH708
R592,Active,2013,MSPH707
R593,Active,2013,MSPH705
R594,Active,2013,MSPH703
R595,Active,2013,MSPH709
R596,Active,2013,MSPH701
R597,Active,2101,MSPH709
R598,Dropped,2101,MSPH706
R599,Active,2017,MSPH701
R600,Waitlisted,2017,MSPH703
R601,Active,2017,MSPH706
R602,Dropped,2017,MSPH704
R603,Active,2017,MSPH705
R604,Active,2306,MSPH703
R605,Active,2306,MSPH706
R606,Active,2306,MSPH701
R607,Active,2306,MSPH704
R608,Active,2306,MSPH709
R609,Active,2306,MSPH702
R610,Active,2306,MSPH705
R611,Active,2285,MSPH707
R612,Active,2285,MSPH703
R613,Dropped,2285,MSPH706
R614,Active,2285,MSPH701
R615,Active,2285,MSPH705
R616,Active,2302,MSPH707
R617,Active,2302,MSPH703
R618,Active,2387,MSPH702
R619,Active,2387,MSPH701
R620,Active,2387,MSPH709
R621,Active,2387,MSPH707
R622,Active,2387,MSPH705
R623,Active,2387,MSPH703
R624,Active,2387,MSPH708
R625,Active,2014,MSPH702
R626,Active,2014,MSPH709
R627,Active,2014,MSPH704
R628,Active,2014,MSPH708
R629,Active,2014,MSPH707
R630,Active,2014,MSPH706
R631,Active,2014,MSPH703
R632,Active,2147,MSHI809
R633,Active,2147,MSHI805
R634,Waitlisted,2147,MSHI807
R635,Active,2015,MSHI803
R636,Active,2015,MSHI808
R637,Active,2015,MSHI805
R638,Dropped,2015,MSHI801
R639,Active,2015,MSHI802
R640,Active,2035,MSHI807
R641,Active,2035,MSHI804
R642,Active,2035,MSHI809
R643,Active,2035,MSHI802
R644,Active,2035,MSHI805
R645,Active,2035,MSHI806
R646,Active,2035,MSHI801
R647,Active,2035,MSHI808
R648,Active,2035,MSHI803
R649,Active,2250,MSHI802
R650,Active,2188,MSHI806
R651,Active,2188,MSHI802
R652,Active,2188,MSHI808
R653,Dropped,2188,MSHI801
R654,Active,2188,MSHI803
R655,Dropped,2188,MSHI807
R656,Active,2104,MSHI803
R657,Active,2104,MSHI801
R658,Active,2104,MSHI809
R659,Active,2104,MSHI804
R660,Active,2104,MSHI808
R661,Active,2104,MSHI807
R662,Dropped,2104,MSHI802
R663,Active,2104,MSHI806
R664,Active,2104,MSHI805
R665,Active,2376,MSHI807
R666,Active,2376,MSHI809
R667,Active,2376,MSHI806
R668,Active,2376,MSHI805
R669,Active,2376,MSHI801
R670,Active,2376,MSHI802
R671,Active,2376,MSHI803
R672,Active,2376,MSHI804
R673,Active,2129,MSHI802
R674,Active,2129,MSHI801
R675,Active,2332,MSHI805
R676,Active,2332,MSHI806
R677,Active,2332,MSHI807
R678,Active,2332,MSHI808
R679,Active,2332,MSHI802
R680,Active,2332,MSHI804
R681,Active,2332,MSHI809
R682,Waitlisted,2332,MSHI803
R683,Waitlisted,2213,MSHI806
R684,Active,2213,MSHI803
R685,Active,2213,MSHI801
R686,Dropped,2213,MSHI805
R687,Active,2213,MSHI802
R688,Active,2213,MSHI809
R689,Active,2213,MSHI804
R690,Active,2213,MSHI808
R691,Active,2213,MSHI807
R692,Active,2021,MSHI803
R693,Active,2021,MSHI804
R694,Waitlisted,2021,MSHI808
R695,Active,2021,MSHI801
R696,Active,2021,MSHI807
R697,Waitlisted,2103,MSHI806
R698,Active,2400,MSHI802
R699,Active,2400,MSHI806
R700,Active,2400,MSHI808
R701,Active,2400,MSHI805
R702,Active,2400,MSHI803
R703,Active,2112,MSHI803
R704,Active,2112,MSHI801
R705,Active,2112,MSHI806
R706,Active,2112,MSHI809
R707,Active,2064,MSHI804
R708,Active,2064,MSHI805
R709,Active,2064,MSHI802
R710,Active,2064,MSHI801
R711,Active,2064,MSHI808
R712,Active,2064,MSHI806
R713,Active,2064,MSHI807
R714,Active,2181,MSHI807
R715,Active,2181,MSHI808
R716,Active,2181,MSHI801
R717,Active,2181,MSHI802
R718,Active,2181,MSHI806
R719,Active,2181,MSHI809
R720,Active,2181,MSHI804
R721,Active,2013,MSHI806
R722,Active,2013,MSHI808
R723,Active,2013,MSHI807
R724,Active,2013,MSHI801
R725,Active,2013,MSHI804
R726,Active,2013,MSHI805
R727,Active,2013,MSHI809
R728,Dropped,2292,MSHI805
R729,Active,2292,MSHI809
R730,Active,2295,MSHI807
R731,Waitlisted,2295,MSHI804
R732,Active,2295,MSHI801
R733,Active,2295,MSHI802
R734,Active,2295,MSHI809
R735,Active,2295,MSHI808
R736,Active,2295,MSHI803
R737,Active,2295,MSHI806
R738,Active,2295,MSHI805
R739,Active,2324,MSHI807
R740,Active,2324,MSHI801
R741,Active,2324,MSHI806
R742,Active,2324,MSHI808
R743,Waitlisted,2324,MSHI809
R744,Active,2244,MSBE907
R745,Active,2244,MSBE903
R746,Active,2244,MSBE905
R747,Active,2244,MSBE909
R748,Active,2381,MSBE906
R749,Active,2381,MSBE901
R750,Active,2381,MSBE904
R751,Active,2381,MSBE907
R752,Active,2381,MSBE909
R753,Active,2381,MSBE902
R754,Active,2381,MSBE905
R755,Active,2251,MSBE903
R756,Active,2251,MSBE908
R757,Active,2251,MSBE906
R758,Active,2251,MSBE901
R759,Active,2251,MSBE905
R760,Active,2251,MSBE902
R761,Waitlisted,2125,MSBE908
R762,Active,2125,MSBE903
R763,Active,2125,MSBE905
R764,Waitlisted,2125,MSBE904
R765,Active,2306,MSBE903
R766,Active,2306,MSBE909
R767,Active,2309,MSBE903
R768,Active,2309,MSBE904
R769,Active,2309,MSBE909
R770,Active,2309,MSBE901
R771,Active,2309,MSBE907
R772,Active,2309,MSBE902
R773,Dropped,2309,MSBE908
R774,Active,2309,MSBE905
R775,Active,2309,MSBE906
R776,Active,2067,MSBE905
R777,Active,2067,MSBE907
R778,Active,2067,MSBE904
R779,Active,2076,MSBE909
R780,Active,2076,MSBE906
R781,Active,2076,MSBE908
R782,Active,2076,MSBE907
R783,Active,2076,MSBE903
R784,Active,2076,MSBE905
R785,Active,2320,MSBE901
R786,Active,2320,MSBE903
R787,Active,2320,MSBE904
R788,Active,2320,MSBE908
R789,Active,2320,MSBE905
R790,Active,2320,MSBE906
R791,Active,2320,MSBE909
R792,Waitlisted,2339,MSBE909
R793,Active,2339,MSBE903
R794,Active,2339,MSBE904
R795,Active,2337,MSBE902
R796,Active,2337,MSBE901
R797,Active,2337,MSBE909
R798,Active,2337,MSBE906
R799,Active,2337,MSBE907
R800,Active,2337,MSBE905
R801,Waitlisted,2337,MSBE908
R802,Active,2231,MSBE908
R803,Active,2231,MSBE906
R804,Active,2231,MSBE907
R805,Active,2231,MSBE904
R806,Active,2231,MSBE902
R807,Active,2231,MSBE905
R808,Active,2231,MSBE909
R809,Waitlisted,2084,MSBE905
R810,Active,2213,MSBE907
R811,Active,2286,MSBE905
R812,Active,2286,MSBE907
R813,Active,2286,MSBE908
R814,Active,2286,MSBE906
R815,Active,2286,MSBE903
R816,Waitlisted,2286,MSBE902
R817,Active,2023,MSBE903
R818,Waitlisted,2023,MSBE904
R819,Active,2023,MSBE907
R820,Active,2023,MSBE909
R821,Active,2101,MSBE905
R822,Active,2101,MSBE902
R823,Active,2032,MSBE905
R824,Active,2198,MSBE907
R825,Active,2198,MSBE904
R826,Active,2198,MSBE905
R827,Active,2198,MSBE909
R828,Active,2198,MSBE906
R829,Active,2198,MSBE908
R830,Active,2360,MSBE902
R831,Active,2276,MSCE113
R832,Active,2276,MSCE117
R833,Active,2276,MSCE116
R834,Active,2276,MSCE112
R835,Active,2276,MSCE118
R836,Active,2276,MSCE114
R837,Active,2276,MSCE111
R838,Active,2276,MSCE119
R839,Active,2114,MSCE113
R840,Active,2114,MSCE116
R841,Active,2002,MSCE113
R842,Active,2031,MSCE114
R843,Active,2031,MSCE111
R844,Active,2260,MSCE115
R845,Active,2212,MSCE115
R846,Active,2212,MSCE116
R847,Active,2212,MSCE114
R848,Active,2212,MSCE111
R849,Active,2212,MSCE119
R850,Active,2212,MSCE112
R851,Active,2362,MSCE115
R852,Active,2362,MSCE119
R853,Waitlisted,2362,MSCE113
R854,Active,2362,MSCE112
R855,Dropped,2362,MSCE118
R856,Dropped,2362,MSCE116
R857,Active,2362,MSCE114
R858,Waitlisted,2362,MSCE117
R859,Active,2103,MSCE112
R860,Waitlisted,2103,MSCE118
R861,Active,2103,MSCE117
R862,Active,2103,MSCE116
R863,Active,2103,MSCE114
R864,Active,2103,MSCE113
R865,Active,2243,MSCE115
R866,Active,2243,MSCE119
R867,Active,2243,MSCE117
R868,Active,2257,MSCE115
R869,Active,2257,MSCE118
R870,Active,2257,MSCE117
R871,Active,2257,MSCE113
R872,Dropped,2257,MSCE114
R873,Active,2257,MSCE111
R874,Active,2257,MSCE119
R875,Active,2257,MSCE112
R876,Active,2382,MSCE114
R877,Active,2382,MSCE117
R878,Waitlisted,2382,MSCE111
R879,Active,2308,MSCE119
R880,Active,2308,MSCE116
R881,Active,2043,MSCE112
R882,Dropped,2043,MSCE119
R883,Active,2043,MSCE116
R884,Active,2035,MSCE115
R885,Active,2035,MSCE114
R886,Active,2035,MSCE113
R887,Active,2035,MSCE112
R888,Active,2035,MSCE116
R889,Active,2104,MSCE117
R890,Active,2104,MSCE116
R891,Active,2104,MSCE115
R892,Active,2104,MSCE118
R893,Active,2104,MSCE111
R894,Active,2104,MSCE119
R895,Active,2104,MSCE112
R896,Active,2194,MSCE113
R897,Active,2194,MSCE111
R898,Active,2194,MSCE117
R899,Active,2194,MSCE114
R900,Active,2194,MSCE119
R901,Active,2194,MSCE112
R902,Active,2194,MSCE115
R903,Active,2194,MSCE118
R904,Active,2194,MSCE116
R905,Active,2389,MSCE112
R906,Active,2389,MSCE117
R907,Dropped,2389,MSCE114
R908,Dropped,2184,MSCE116
R909,Active,2184,MSCE119
R910,Active,2184,MSCE113
R911,Active,2184,MSCE115
R912,Active,2184,MSCE118
R913,Active,2184,MSCE112
R914,Active,2184,MSCE114
R915,Active,2184,MSCE111
R916,Active,2184,MSCE117
R917,Active,2240,MSCE118
R918,Active,2240,MSCE113
R919,Waitlisted,2240,MSCE114
R920,Active,2240,MSCE117
R921,Active,2240,MSCE119
R922,Active,2240,MSCE111
R923,Active,2240,MSCE112
R924,Active,2240,MSCE115
R925,Dropped,2240,MSCE116
R926,Active,2051,MSCE113
R927,Active,2051,MSCE116
R928,Active,2051,MSCE114
R929,Active,2051,MSCE111
R930,Active,2333,MSDA403
R931,Active,2333,MSDA407
R932,Active,2333,MSDA401
R933,Active,2333,MSDA404
R934,Waitlisted,2333,MSDA402
R935,Active,2333,MSDA405
R936,Active,2289,MSDA405
R937,Active,2289,MSDA403
R938,Active,2289,MSDA408
R939,Active,2289,MSDA407
R940,Active,2289,MSDA404
R941,Active,2289,MSDA409
R942,Active,2028,MSDA403
R943,Active,2028,MSDA402
R944,Active,2028,MSDA407
R945,Active,2140,MSDA406
R946,Active,2140,MSDA402
R947,Active,2140,MSDA409
R948,Active,2140,MSDA404
R949,Active,2140,MSDA401
R950,Active,2140,MSDA403
R951,Active,2140,MSDA407
R952,Active,2140,MSDA408
R953,Active,2090,MSDA406
R954,Active,2090,MSDA405
R955,Active,2090,MSDA402
R956,Active,2090,MSDA403
R957,Active,2090,MSDA409
R958,Active,2090,MSDA408
R959,Active,2180,MSDA408
R960,Waitlisted,2180,MSDA404
R961,Active,2180,MSDA403
R962,Dropped,2180,MSDA409
R963,Active,2227,MSDA408
R964,Active,2344,MSDA407
R965,Waitlisted,2344,MSDA401
R966,Active,2344,MSDA408
R967,Active,2004,MSDA409
R968,Active,2004,MSDA404
R969,Active,2004,MSDA402
R970,Active,2004,MSDA407
R971,Active,2004,MSDA403
R972,Active,2004,MSDA405
R973,Active,2004,MSDA408
R974,Active,2326,MSDA407
R975,Active,2326,MSDA404
R976,Active,2326,MSDA409
R977,Active,2326,MSDA406
R978,Active,2326,MSDA408
R979,Active,2326,MSDA401
R980,Dropped,2326,MSDA402
R981,Dropped,2326,MSDA403
R982,Active,2326,MSDA405
R983,Active,2156,MSDA404
R984,Active,2156,MSDA407
R985,Dropped,2156,MSDA402
R986,Active,2156,MSDA406
R987,Active,2156,MSDA401
R988,Active,2156,MSDA403
R989,Active,2154,MSDA402
R990,Active,2154,MSDA404
R991,Active,2154,MSDA403
R992,Active,2154,MSDA409
R993,Active,2154,MSDA401
R994,Active,2154,MSDA407
R995,Active,2025,MSDA409
R996,Active,2025,MSDA404
R997,Active,2025,MSDA405
R998,Active,2025,MSDA408
R999,Active,2025,MSDA403
R1000,Active,2107,MSDA408
R1001,Active,2107,MSDA409
R1002,Active,2107,MSDA401
R1003,Active,2107,MSDA407
R1004,Active,2107,MSDA405
R1005,Active,2107,MSDA402
R1006,Active,2107,MSDA404
R1007,Active,2079,MSDA406
R1008,Active,2079,MSDA407
R1009,Waitlisted,2079,MSDA405
R1010,Dropped,2079,MSDA408
R1011,Active,2079,MSDA404
R1012,Active,2079,MSDA409
R1013,Active,2079,MSDA402
R1014,Active,2040,MSDA407
R1015,Active,2040,MSDA401
R1016,Active,2040,MSDA403
R1017,Active,2040,MSDA408
R1018,Active,2040,MSDA406
R1019,Active,2390,MSDA403
R1020,Waitlisted,2390,MSDA407
R1021,Active,2390,MSDA408
R1022,Active,2390,MSDA406
R1023,Active,2390,MSDA402
R1024,Active,2390,MSDA404
R1025,Active,2390,MSDA409
R1026,Active,2399,MSDA401
R1027,Dropped,2399,MSDA407
R1028,Active,2399,MSDA403
R1029,Active,2399,MSDA408
R1030,Active,2399,MSDA402
R1031,Active,2399,MSDA405
R1032,Active,2399,MSDA404
R1033,Active,2228,MSDA407
R1034,Active,2252,MSDA406
R1035,Active,2252,MSDA407
R1036,Active,2252,MSDA402
R1037,Active,2252,MSDA404
R1038,Active,2252,MSDA408
R1039,Active,2252,MSDA403
R1040,Active,2252,MSDA401
R1041,Active,2310,E0135
R1042,Active,2310,E0134
R1043,Active,2310,E0131
R1044,Active,2310,E0132
R1045,Active,2310,E0133
R1046,Active,2236,E0135
R1047,Active,2236,E0133
R1048,Active,2236,E0131
R1049,Active,2236,E0132
R1050,Active,2236,E0134
R1051,Active,2368,E0132
R1052,Active,2368,E0131
R1053,Active,2368,E0135
R1054,Active,2368,E0133
R1055,Active,2368,E0134
R1056,Active,2303,E0131
R1057,Active,2303,E0132
R1058,Active,2303,E0134
R1059,Active,2303,E0133
R1060,Active,2303,E0135
R1061,Active,2299,E0132
R1062,Dropped,2299,E0135
R1063,Active,2299,E0133
R1064,Active,2299,E0134
R1065,Active,2299,E0131
R1066,Active,2386,E0131
R1067,Active,2386,E0135
R1068,Active,2386,E0133
R1069,Waitlisted,2386,E0132
R1070,Active,2386,E0134
R1071,Active,2225,E0134
R1072,Active,2225,E0135
R1073,Active,2225,E0132
R1074,Active,2225,E0133
R1075,Active,2225,E0131
R1076,Active,2298,E0133
R1077,Active,2298,E0135
R1078,Dropped,2298,E0131
R1079,Active,2298,E0132
R1080,Active,2298,E0134
R1081,Active,2355,E0134
R1082,Active,2355,E0131
R1083,Active,2355,E0133
R1084,Active,2355,E0135
R1085,Active,2355,E0132
R1086,Active,2328,E0135
R1087,Active,2328,E0133
R1088,Active,2328,E0134
R1089,Active,2328,E0132
R1090,Waitlisted,2328,E0131
R1091,Waitlisted,2312,E0133
R1092,Active,2312,E0135
R1093,Active,2312,E0132
R1094,Active,2312,E0131
R1095,Active,2312,E0134
R1096,Active,2178,E0131
R1097,Active,2178,E0135
R1098,Active,2178,E0132
R1099,Active,2178,E0133
R1100,Active,2178,E0134
R1101,Active,2270,E0134
R1102,Active,2270,E0132
R1103,Active,2270,E0135
R1104,Active,2270,E0133
R1105,Active,2270,E0131
R1106,Active,2080,E0135
R1107,Active,2080,E0131
R1108,Active,2080,E0134
R1109,Active,2080,E0132
R1110,Active,2080,E0133
R1111,Active,2111,E0135
R1112,Active,2111,E0131
R1113,Waitlisted,2111,E0132
R1114,Active,2111,E0134
R1115,Active,2111,E0133
R1116,Active,2196,E0134
R1117,Active,2196,E0135
R1118,Active,2196,E0132
R1119,Waitlisted,2196,E0133
R1120,Active,2196,E0131
R1121,Active,2319,E0132
R1122,Active,2319,E0135
R1123,Active,2319,E0134
R1124,Active,2319,E0131
R1125,Waitlisted,2319,E0133
R1126,Dropped,2375,E0133
R1127,Dropped,2375,E0135
R1128,Waitlisted,2375,E0134
R1129,Active,2375,E0131
R1130,Active,2375,E0132
R1131,Active,2146,E0135
R1132,Active,2146,E0134
R1133,Active,2146,E0133
R1134,Active,2146,E0131
R1135,Active,2146,E0132
R1136,Active,2120,E0133
R1137,Active,2120,E0135
R1138,Active,2120,E0131
R1139,Active,2120,E0134
R1140,Active,2120,E0132
R1141,Active,2183,MSAI104
R1142,Active,2183,MSAI107
R1143,Active,2183,MSAI106
R1144,Dropped,2183,MSAI109
R1145,Dropped,2183,MSAI102
R1146,Active,2116,MSAI106
R1147,Active,2116,MSAI102
R1148,Active,2116,MSAI105
R1149,Active,2116,MSAI101
R1150,Active,2116,MSAI108
R1151,Waitlisted,2269,MSAI102
R1152,Active,2269,MSAI107
R1153,Active,2269,MSAI108
R1154,Active,2269,MSAI104
R1155,Waitlisted,2269,MSAI103
R1156,Active,2091,MSAI101
R1157,Active,2091,MSAI107
R1158,Active,2091,MSAI109
R1159,Active,2091,MSAI102
R1160,Waitlisted,2091,MSAI105
R1161,Active,2280,MSAI104
R1162,Active,2280,MSAI109
R1163,Active,2280,MSAI103
R1164,Active,2280,MSAI107
R1165,Active,2280,MSAI102
R1166,Active,2358,MSAI105
R1167,Active,2358,MSAI103
R1168,Dropped,2358,MSAI101
R1169,Active,2358,MSAI107
R1170,Active,2358,MSAI106
R1171,Active,2215,MSAI109
R1172,Active,2215,MSAI103
R1173,Active,2215,MSAI104
R1174,Dropped,2215,MSAI108
R1175,Active,2215,MSAI102
R1176,Active,2211,MSAI102
R1177,Active,2211,MSAI106
R1178,Active,2211,MSAI107
R1179,Dropped,2211,MSAI103
R1180,Active,2211,MSAI109
R1181,Active,2024,MSAI102
R1182,Active,2024,MSAI104
R1183,Active,2024,MSAI107
R1184,Active,2024,MSAI108
R1185,Active,2024,MSAI101
R1186,Active,2237,MSAI109
R1187,Active,2237,MSAI101
R1188,Active,2237,MSAI107
R1189,Active,2237,MSAI106
R1190,Active,2237,MSAI103
R1191,Active,2388,MSAI101
R1192,Waitlisted,2388,MSAI107
R1193,Active,2388,MSAI109
R1194,Active,2388,MSAI105
R1195,Active,2388,MSAI103
R1196,Waitlisted,2045,MSAI103
R1197,Active,2045,MSAI104
R1198,Active,2045,MSAI106
R1199,Active,2045,MSAI102
R1200,Active,2045,MSAI101
R1201,Active,2384,MSAI108
R1202,Active,2384,MSAI107
R1203,Active,2384,MSAI104
R1204,Active,2384,MSAI109
R1205,Active,2384,MSAI103
R1206,Active,2020,MSAI103
R1207,Active,2020,MSAI101
R1208,Active,2020,MSAI105
R1209,Active,2020,MSAI104
R1210,Active,2020,MSAI106
R1211,Active,2075,MSAI106
R1212,Active,2075,MSAI105
R1213,Dropped,2075,MSAI101
R1214,Active,2075,MSAI102
R1215,Active,2075,MSAI109
R1216,Active,2396,MSAI102
R1217,Active,2396,MSAI104
R1218,Dropped,2396,MSAI105
R1219,Dropped,2396,MSAI101
R1220,Active,2396,MSAI107
R1221,Active,2226,MSAI109
R1222,Active,2226,MSAI105
R1223,Active,2226,MSAI103
R1224,Active,2226,MSAI101
R1225,Active,2226,MSAI108
R1226,Active,2385,MSAI108
R1227,Active,2385,MSAI107
R1228,Active,2385,MSAI106
R1229,Active,2385,MSAI102
R1230,Active,2385,MSAI103
R1231,Active,2115,MSAI105
R1232,Active,2115,MSAI103
R1233,Active,2115,MSAI108
R1234,Active,2115,MSAI109
R1235,Active,2115,MSAI106
R1236,Active,2191,MSAI102
R1237,Active,2191,MSAI107
R1238,Active,2191,MSAI108
R1239,Active,2191,MSAI109
R1240,Active,2191,MSAI103
R1241,Active,2204,A0535
R1242,Active,2204,A0534
R1243,Active,2204,A0533
R1244,Active,2204,A0531
R1245,Active,2204,A0532
R1246,Active,2197,A0532
R1247,Active,2197,A0534
R1248,Active,2197,A0533
R1249,Active,2197,A0535
R1250,Active,2197,A0531
R1251,Active,2230,A0535
R1252,Dropped,2230,A0533
R1253,Active,2230,A0534
R1254,Active,2230,A0532
R1255,Active,2230,A0531
R1256,Active,2152,A0534
R1257,Active,2152,A0531
R1258,Active,2152,A0535
R1259,Active,2152,A0532
R1260,Active,2152,A0533
R1261,Active,2009,A0531
R1262,Active,2009,A0534
R1263,Active,2009,A0535
R1264,Active,2009,A0532
R1265,Dropped,2009,A0533
R1266,Active,2099,A0534
R1267,Active,2099,A0531
R1268,Active,2099,A0533
R1269,Active,2099,A0535
R1270,Active,2099,A0532
R1271,Active,2138,A0534
R1272,Active,2138,A0533
R1273,Dropped,2138,A0532
R1274,Waitlisted,2138,A0535
R1275,Active,2138,A0531
R1276,Active,2159,A0535
R1277,Active,2159,A0532
R1278,Active,2159,A0531
R1279,Active,2159,A0534
R1280,Active,2159,A0533
R1281,Active,2093,A0533
R1282,Active,2093,A0534
R1283,Active,2093,A0532
R1284,Active,2093,A0535
R1285,Active,2093,A0531
R1286,Active,2172,A0531
R1287,Active,2172,A0532
R1288,Active,2172,A0533
R1289,Active,2172,A0534
R1290,Active,2172,A0535
R1291,Active,2345,A0534
R1292,Active,2345,A0532
R1293,Waitlisted,2345,A0531
R1294,Active,2345,A0535
R1295,Active,2345,A0533
R1296,Active,2377,A0534
R1297,Active,2377,A0532
R1298,Active,2377,A0533
R1299,Active,2377,A0535
R1300,Active,2377,A0531
R1301,Active,2135,A0532
R1302,Active,2135,A0531
R1303,Active,2135,A0535
R1304,Active,2135,A0533
R1305,Active,2135,A0534
R1306,Waitlisted,2118,A0531
R1307,Active,2118,A0535
R1308,Active,2118,A0533
R1309,Active,2118,A0534
R1310,Dropped,2118,A0532
R1311,Active,2049,A0535
R1312,Active,2049,A0534
R1313,Active,2049,A0531
R1314,Active,2049,A0533
R1315,Dropped,2049,A0532
R1316,Active,2055,A0532
R1317,Active,2055,A0535
R1318,Active,2055,A0533
R1319,Active,2055,A0534
R1320,Active,2055,A0531
R1321,Active,2122,A0532
R1322,Active,2122,A0531
R1323,Active,2122,A0535
R1324,Active,2122,A0534
R1325,Active,2122,A0533
R1326,Active,2259,A0533
R1327,Active,2259,A0535
R1328,Active,2259,A0532
R1329,Active,2259,A0531
R1330,Active,2259,A0534
R1331,Active,2150,A0532
R1332,Active,2150,A0531
R1333,Active,2150,A0533
R1334,Active,2150,A0535
R1335,Active,2150,A0534
R1336,Active,2174,A0531
R1337,Active,2174,A0533
R1338,Waitlisted,2174,A0534
R1339,Active,2174,A0532
R1340,Active,2174,A0535
R1341,Active,2352,A1035
R1342,Active,2352,A1033
R1343,Active,2352,A1034
R1344,Waitlisted,2352,A1032
R1345,Active,2352,A1031
R1346,Active,2282,A1033
R1347,Active,2282,A1031
R1348,Waitlisted,2282,A1034
R1349,Active,2282,A1032
R1350,Active,2282,A1035
R1351,Active,2077,A1035
R1352,Active,2077,A1034
R1353,Active,2077,A1033
R1354,Active,2077,A1032
R1355,Active,2077,A1031
R1356,Active,2223,A1032
R1357,Active,2223,A1031
R1358,Active,2223,A1035
R1359,Active,2223,A1033
R1360,Active,2223,A1034
R1361,Active,2042,A1031
R1362,Active,2042,A1033
R1363,Active,2042,A1035
R1364,Waitlisted,2042,A1034
R1365,Active,2042,A1032
R1366,Active,2253,A1032
R1367,Active,2253,A1033
R1368,Active,2253,A1035
R1369,Active,2253,A1031
R1370,Active,2253,A1034
R1371,Active,2167,A1031
R1372,Active,2167,A1035
R1373,Active,2167,A1033
R1374,Active,2167,A1034
R1375,Active,2167,A1032
R1376,Active,2297,A1034
R1377,Active,2297,A1031
R1378,Active,2297,A1033
R1379,Active,2297,A1032
R1380,Active,2297,A1035
R1381,Active,2175,A1035
R1382,Active,2175,A1034
R1383,Active,2175,A1032
R1384,Active,2175,A1033
R1385,Active,2175,A1031
R1386,Active,2003,A1035
R1387,Dropped,2003,A1033
R1388,Active,2003,A1034
R1389,Active,2003,A1031
R1390,Active,2003,A1032
R1391,Active,2056,A1035
R1392,Active,2056,A1033
R1393,Active,2056,A1034
R1394,Active,2056,A1031
R1395,Active,2056,A1032
R1396,Active,2062,A1035
R1397,Active,2062,A1032
R1398,Active,2062,A1033
R1399,Waitlisted,2062,A1031
R1400,Active,2062,A1034
R1401,Active,2128,A1034
R1402,Active,2128,A1032
R1403,Active,2128,A1031
R1404,Active,2128,A1033
R1405,Active,2128,A1035
R1406,Active,2097,A1035
R1407,Active,2097,A1033
R1408,Active,2097,A1031
R1409,Active,2097,A1032
R1410,Active,2097,A1034
R1411,Active,2281,A1031
R1412,Active,2281,A1035
R1413,Active,2281,A1034
R1414,Active,2281,A1033
R1415,Active,2281,A1032
R1416,Active,2372,A1034
R1417,Active,2372,A1032
R1418,Active,2372,A1031
R1419,Active,2372,A1033
R1420,Active,2372,A1035
R1421,Active,2094,A1032
R1422,Active,2094,A1035
R1423,Active,2094,A1031
R1424,Active,2094,A1033
R1425,Active,2094,A1034
R1426,Active,2126,A1031
R1427,Active,2126,A1032
R1428,Active,2126,A1034
R1429,Active,2126,A1035
R1430,Active,2126,A1033
R1431,Active,2199,A1033
R1432,Active,2199,A1034
R1433,Active,2199,A1031
R1434,Active,2199,A1032
R1435,Waitlisted,2199,A1035
R1436,Active,2153,A1033
R1437,Active,2153,A1032
R1438,Active,2153,A1035
R1439,Active,2153,A1031
R1440,Active,2153,A1034
R1441,Active,2374,MAAE603
R1442,Active,2374,MAAE609
R1443,Active,2374,MAAE608
R1444,Dropped,2374,MAAE602
R1445,Active,2374,MAAE607
R1446,Active,2127,MAAE608
R1447,Active,2127,MAAE601
R1448,Active,2127,MAAE607
R1449,Active,2127,MAAE605
R1450,Active,2127,MAAE606
R1451,Active,2353,MAAE602
R1452,Active,2353,MAAE603
R1453,Waitlisted,2353,MAAE608
R1454,Active,2353,MAAE604
R1455,Active,2353,MAAE605
R1456,Active,2048,MAAE602
R1457,Active,2048,MAAE609
R1458,Active,2048,MAAE605
R1459,Active,2048,MAAE601
R1460,Active,2048,MAAE604
R1461,Waitlisted,2267,MAAE609
R1462,Active,2267,MAAE602
R1463,Active,2267,MAAE603
R1464,Active,2267,MAAE608
R1465,Active,2267,MAAE601
R1466,Active,2179,MAAE603
R1467,Active,2179,MAAE602
R1468,Active,2179,MAAE607
R1469,Dropped,2179,MAAE608
R1470,Dropped,2179,MAAE604
R1471,Active,2130,MAAE609
R1472,Active,2130,MAAE605
R1473,Active,2130,MAAE606
R1474,Active,2130,MAAE602
R1475,Dropped,2130,MAAE601
R1476,Active,2367,MAAE609
R1477,Active,2367,MAAE603
R1478,Active,2367,MAAE607
R1479,Active,2367,MAAE602
R1480,Active,2367,MAAE608
R1481,Active,2383,MAAE602
R1482,Active,2383,MAAE606
R1483,Active,2383,MAAE605
R1484,Active,2383,MAAE603
R1485,Active,2383,MAAE601
R1486,Active,2078,MAAE601
R1487,Active,2078,MAAE602
R1488,Active,2078,MAAE609
R1489,Active,2078,MAAE605
R1490,Active,2078,MAAE604
R1491,Active,2057,MAAE603
R1492,Active,2057,MAAE606
R1493,Active,2057,MAAE607
R1494,Active,2057,MAAE601
R1495,Active,2057,MAAE602
R1496,Active,2359,MAAE609
R1497,Active,2359,MAAE606
R1498,Active,2359,MAAE607
R1499,Active,2359,MAAE605
R1500,Active,2359,MAAE601
R1501,Active,2379,MAAE601
R1502,Active,2379,MAAE605
R1503,Active,2379,MAAE609
R1504,Active,2379,MAAE602
R1505,Active,2379,MAAE606
R1506,Active,2263,MAAE609
R1507,Active,2263,MAAE603
R1508,Active,2263,MAAE606
R1509,Dropped,2263,MAAE601
R1510,Active,2263,MAAE605
R1511,Active,2006,MAAE603
R1512,Active,2006,MAAE604
R1513,Active,2006,MAAE605
R1514,Active,2006,MAAE606
R1515,Active,2006,MAAE608
R1516,Active,2053,MAAE606
R1517,Dropped,2053,MAAE604
R1518,Active,2053,MAAE607
R1519,Waitlisted,2053,MAAE605
R1520,Active,2053,MAAE601
R1521,Active,2124,MAAE602
R1522,Active,2124,MAAE603
R1523,Active,2124,MAAE609
R1524,Active,2124,MAAE608
R1525,Active,2124,MAAE604
R1526,Active,2139,MAAE606
R1527,Active,2139,MAAE604
R1528,Active,2139,MAAE601
R1529,Active,2139,MAAE602
R1530,Active,2139,MAAE609
R1531,Active,2323,MAAE606
R1532,Active,2323,MAAE609
R1533,Active,2323,MAAE607
R1534,Active,2323,MAAE601
R1535,Active,2323,MAAE608
R1536,Active,2327,MAAE604
R1537,Active,2327,MAAE606
R1538,Active,2327,MAAE602
R1539,Active,2327,MAAE601
R1540,Active,2327,MAAE605
R1541,Active,2366,I1433
R1542,Active,2366,I1435
R1543,Active,2366,I1431
R1544,Active,2366,I1434
R1545,Dropped,2366,I1432
R1546,Active,2063,I1433
R1547,Active,2063,I1431
R1548,Active,2063,I1434
R1549,Active,2063,I1435
R1550,Active,2063,I1432
R1551,Active,2356,I1432
R1552,Waitlisted,2356,I1433
R1553,Active,2356,I1435
R1554,Active,2356,I1434
R1555,Active,2356,I1431
R1556,Active,2398,I1434
R1557,Active,2398,I1435
R1558,Active,2398,I1431
R1559,Active,2398,I1433
R1560,Active,2398,I1432
R1561,Active,2373,I1432
R1562,Active,2373,I1435
R1563,Active,2373,I1434
R1564,Active,2373,I1433
R1565,Active,2373,I1431
R1566,Active,2258,I1435
R1567,Active,2258,I1432
R1568,Active,2258,I1431
R1569,Active,2258,I1433
R1570,Active,2258,I1434
R1571,Active,2171,I1435
R1572,Active,2171,I1432
R1573,Waitlisted,2171,I1433
R1574,Active,2171,I1431
R1575,Active,2171,I1434
R1576,Active,2082,I1435
R1577,Active,2082,I1434
R1578,Active,2082,I1433
R1579,Active,2082,I1432
R1580,Active,2082,I1431
R1581,Active,2361,I1434
R1582,Active,2361,I1433
R1583,Active,2361,I1432
R1584,Active,2361,I1431
R1585,Active,2361,I1435
R1586,Active,2047,I1432
R1587,Active,2047,I1435
R1588,Active,2047,I1431
R1589,Active,2047,I1434
R1590,Active,2047,I1433
R1591,Active,2233,I1433
R1592,Active,2233,I1431
R1593,Active,2233,I1434
R1594,Active,2233,I1432
R1595,Active,2233,I1435
R1596,Active,2161,I1432
R1597,Active,2161,I1431
R1598,Active,2161,I1435
R1599,Active,2161,I1433
R1600,Dropped,2161,I1434
R1601,Active,2038,I1433
R1602,Active,2038,I1435
R1603,Waitlisted,2038,I1432
R1604,Waitlisted,2038,I1431
R1605,Active,2038,I1434
R1606,Active,2371,I1434
R1607,Active,2371,I1433
R1608,Active,2371,I1431
R1609,Active,2371,I1432
R1610,Active,2371,I1435
R1611,Active,2110,I1433
R1612,Waitlisted,2110,I1432
R1613,Active,2110,I1434
R1614,Active,2110,I1431
R1615,Active,2110,I1435
R1616,Active,2036,I1432
R1617,Active,2036,I1434
R1618,Active,2036,I1433
R1619,Active,2036,I1431
R1620,Waitlisted,2036,I1435
R1621,Active,2247,I1431
R1622,Waitlisted,2247,I1435
R1623,Active,2247,I1433
R1624,Active,2247,I1432
R1625,Active,2247,I1434
R1626,Active,2072,I1432
R1627,Active,2072,I1434
R1628,Active,2072,I1435
R1629,Active,2072,I1433
R1630,Active,2072,I1431
R1631,Active,2393,I1431
R1632,Active,2393,I1434
R1633,Active,2393,I1435
R1634,Active,2393,I1432
R1635,Active,2393,I1433
R1636,Dropped,2315,I1435
R1637,Active,2315,I1433
R1638,Active,2315,I1431
R1639,Active,2315,I1434
R1640,Waitlisted,2315,I1432
R1641,Active,2278,E1733
R1642,Active,2278,E1732
R1643,Active,2278,E1734
R1644,Active,2278,E1731
R1645,Active,2278,E1735
R1646,Active,2142,E1734
R1647,Active,2142,E1731
R1648,Active,2142,E1732
R1649,Active,2142,E1733
R1650,Active,2142,E1735
R1651,Active,2245,E1731
R1652,Active,2245,E1732
R1653,Active,2245,E1735
R1654,Active,2245,E1734
R1655,Active,2245,E1733
R1656,Active,2357,E1735
R1657,Active,2357,E1733
R1658,Active,2357,E1734
R1659,Active,2357,E1732
R1660,Active,2357,E1731
R1661,Active,2218,E1732
R1662,Active,2218,E1731
R1663,Active,2218,E1735
R1664,Active,2218,E1733
R1665,Active,2218,E1734
R1666,Active,2232,E1734
R1667,Active,2232,E1735
R1668,Active,2232,E1731
R1669,Active,2232,E1732
R1670,Active,2232,E1733
R1671,Active,2137,E1735
R1672,Active,2137,E1731
R1673,Dropped,2137,E1732
R1674,Active,2137,E1733
R1675,Active,2137,E1734
R1676,Active,2190,E1734
R1677,Active,2190,E1732
R1678,Active,2190,E1733
R1679,Active,2190,E1735
R1680,Active,2190,E1731
R1681,Waitlisted,2008,E1735
R1682,Active,2008,E1731
R1683,Active,2008,E1734
R1684,Active,2008,E1732
R1685,Active,2008,E1733
R1686,Active,2136,E1734
R1687,Active,2136,E1733
R1688,Active,2136,E1735
R1689,Active,2136,E1732
R1690,Active,2136,E1731
R1691,Active,2086,E1735
R1692,Active,2086,E1732
R1693,Active,2086,E1734
R1694,Active,2086,E1733
R1695,Active,2086,E1731
R1696,Active,2222,E1732
R1697,Active,2222,E1731
R1698,Active,2222,E1733
R1699,Active,2222,E1735
R1700,Active,2222,E1734
R1701,Active,2033,E1735
R1702,Active,2033,E1732
R1703,Active,2033,E1733
R1704,Active,2033,E1734
R1705,Active,2033,E1731
R1706,Active,2210,E1733
R1707,Active,2210,E1731
R1708,Active,2210,E1735
R1709,Active,2210,E1732
R1710,Waitlisted,2210,E1734
R1711,Active,2133,E1733
R1712,Active,2133,E1735
R1713,Dropped,2133,E1731
R1714,Active,2133,E1732
R1715,Active,2133,E1734
R1716,Active,2011,E1733
R1717,Active,2011,E1735
R1718,Active,2011,E1734
R1719,Active,2011,E1731
R1720,Dropped,2011,E1732
R1721,Active,2369,E1732
R1722,Active,2369,E1733
R1723,Active,2369,E1734
R1724,Active,2369,E1735
R1725,Active,2369,E1731
R1726,Active,2039,E1734
R1727,Active,2039,E1735
R1728,Active,2039,E1731
R1729,Active,2039,E1733
R1730,Dropped,2039,E1732
R1731,Waitlisted,2318,E1733
R1732,Active,2318,E1732
R1733,Active,2318,E1734
R1734,Active,2318,E1731
R1735,Active,2318,E1735
R1736,Active,2034,E1734
R1737,Active,2034,E1733
R1738,Active,2034,E1732
R1739,Active,2034,E1735
R1740,Active,2034,E1731
R1741,Active,2157,E1833
R1742,Active,2157,E1834
R1743,Active,2157,E1835
R1744,Active,2157,E1832
R1745,Active,2157,E1831
R1746,Active,2185,E1832
R1747,Active,2185,E1831
R1748,Active,2185,E1834
R1749,Active,2185,E1835
R1750,Active,2185,E1833
R1751,Active,2342,E1833
R1752,Active,2342,E1831
R1753,Active,2342,E1835
R1754,Active,2342,E1832
R1755,Active,2342,E1834
R1756,Dropped,2044,E1834
R1757,Active,2044,E1831
R1758,Active,2044,E1833
R1759,Active,2044,E1835
R1760,Dropped,2044,E1832
R1761,Active,2354,E1833
R1762,Active,2354,E1831
R1763,Active,2354,E1834
R1764,Active,2354,E1832
R1765,Active,2354,E1835
R1766,Active,2061,E1831
R1767,Active,2061,E1835
R1768,Active,2061,E1833
R1769,Waitlisted,2061,E1834
R1770,Active,2061,E1832
R1771,Dropped,2018,E1833
R1772,Active,2018,E1834
R1773,Active,2018,E1832
R1774,Active,2018,E1831
R1775,Active,2018,E1835
R1776,Dropped,2273,E1833
R1777,Active,2273,E1834
R1778,Active,2273,E1835
R1779,Active,2273,E1832
R1780,Active,2273,E1831
R1781,Active,2217,E1832
R1782,Active,2217,E1834
R1783,Active,2217,E1831
R1784,Active,2217,E1833
R1785,Active,2217,E1835
R1786,Active,2177,E1834
R1787,Active,2177,E1835
R1788,Active,2177,E1833
R1789,Active,2177,E1831
R1790,Active,2177,E1832
R1791,Active,2255,E1835
R1792,Waitlisted,2255,E1834
R1793,Active,2255,E1831
R1794,Active,2255,E1832
R1795,Active,2255,E1833
R1796,Active,2041,E1835
R1797,Active,2041,E1833
R1798,Active,2041,E1834
R1799,Active,2041,E1832
R1800,Active,2041,E1831
R1801,Dropped,2073,E1833
R1802,Active,2073,E1832
R1803,Active,2073,E1831
R1804,Active,2073,E1835
R1805,Active,2073,E1834
R1806,Dropped,2158,E1832
R1807,Active,2158,E1834
R1808,Active,2158,E1835
R1809,Active,2158,E1833
R1810,Active,2158,E1831
R1811,Active,2066,E1835
R1812,Active,2066,E1831
R1813,Active,2066,E1834
R1814,Active,2066,E1833
R1815,Active,2066,E1832
R1816,Active,2022,E1832
R1817,Active,2022,E1834
R1818,Active,2022,E1833
R1819,Active,2022,E1835
R1820,Active,2022,E1831
R1821,Active,2119,E1835
R1822,Dropped,2119,E1831
R1823,Active,2119,E1834
R1824,Active,2119,E1833
R1825,Active,2119,E1832
R1826,Active,2275,E1831
R1827,Active,2275,E1834
R1828,Active,2275,E1832
R1829,Active,2275,E1833
R1830,Active,2275,E1835
R1831,Active,2363,E1834
R1832,Active,2363,E1831
R1833,Active,2363,E1832
R1834,Active,2363,E1835
R1835,Active,2363,E1833
R1836,Active,2349,E1833
R1837,Active,2349,E1831
R1838,Active,2349,E1835
R1839,Active,2349,E1834
R1840,Active,2349,E1832
R1841,Active,2007,MSDS205
R1842,Active,2007,MSDS204
R1843,Active,2007,MSDS208
R1844,Active,2007,MSDS201
R1845,Active,2007,MSDS209
R1846,Active,2052,MSDS201
R1847,Active,2052,MSDS202
R1848,Active,2052,MSDS205
R1849,Active,2052,MSDS206
R1850,Active,2052,MSDS203
R1851,Active,2229,MSDS209
R1852,Active,2229,MSDS206
R1853,Active,2229,MSDS208
R1854,Active,2229,MSDS202
R1855,Active,2229,MSDS205
R1856,Active,2248,MSDS208
R1857,Active,2248,MSDS204
R1858,Active,2248,MSDS205
R1859,Active,2248,MSDS201
R1860,Active,2248,MSDS203
R1861,Active,2173,MSDS201
R1862,Active,2173,MSDS205
R1863,Active,2173,MSDS209
R1864,Active,2173,MSDS202
R1865,Active,2173,MSDS204
R1866,Active,2112,MSDS204
R1867,Active,2112,MSDS202
R1868,Active,2112,MSDS209
R1869,Active,2112,MSDS206
R1870,Dropped,2112,MSDS208
R1871,Active,2198,MSDS207
R1872,Active,2198,MSDS204
R1873,Active,2198,MSDS201
R1874,Active,2198,MSDS209
R1875,Active,2198,MSDS208
R1876,Active,2031,MSDS205
R1877,Active,2031,MSDS202
R1878,Active,2031,MSDS201
R1879,Active,2031,MSDS208
R1880,Active,2031,MSDS207
R1881,Active,2320,MSDS209
R1882,Active,2320,MSDS205
R1883,Active,2320,MSDS207
R1884,Active,2320,MSDS201
R1885,Active,2320,MSDS206
R1886,Active,2037,MSDS208
R1887,Active,2037,MSDS207
R1888,Active,2037,MSDS204
R1889,Active,2037,MSDS202
R1890,Active,2037,MSDS206
R1891,Active,2104,MSDS209
R1892,Active,2104,MSDS204
R1893,Active,2104,MSDS207
R1894,Active,2104,MSDS202
R1895,Active,2104,MSDS205
R1896,Active,2155,MSDS209
R1897,Active,2155,MSDS207
R1898,Active,2155,MSDS201
R1899,Active,2155,MSDS203
R1900,Active,2155,MSDS206
R1901,Active,2330,MSDS204
R1902,Active,2330,MSDS201
R1903,Active,2330,MSDS208
R1904,Active,2330,MSDS209
R1905,Active,2330,MSDS203
R1906,Active,2260,MSDS202
R1907,Active,2260,MSDS205
R1908,Dropped,2260,MSDS208
R1909,Active,2260,MSDS207
R1910,Active,2260,MSDS204
R1911,Dropped,2300,MSDS209
R1912,Active,2300,MSDS207
R1913,Active,2300,MSDS208
R1914,Active,2300,MSDS205
R1915,Active,2300,MSDS202
R1916,Active,2200,MSDS207
R1917,Active,2200,MSDS204
R1918,Active,2200,MSDS206
R1919,Waitlisted,2200,MSDS209
R1920,Dropped,2200,MSDS203
R1921,Waitlisted,2364,MSDS209
R1922,Active,2364,MSDS205
R1923,Active,2364,MSDS206
R1924,Active,2364,MSDS202
R1925,Active,2364,MSDS207
R1926,Active,2129,MSDS205
R1927,Active,2129,MSDS206
R1928,Active,2129,MSDS204
R1929,Active,2129,MSDS208
R1930,Active,2129,MSDS209
R1931,Active,2274,MSDS202
R1932,Active,2274,MSDS205
R1933,Active,2274,MSDS209
R1934,Active,2274,MSDS206
R1935,Active,2274,MSDS208
R1936,Active,2088,MSDS202
R1937,Active,2088,MSDS209
R1938,Active,2088,MSDS207
R1939,Active,2088,MSDS208
R1940,Active,2088,MSDS204
R1941,Active,2286,MSFI303
R1942,Active,2286,MSFI302
R1943,Active,2286,MSFI304
R1944,Active,2286,MSFI301
R1945,Active,2286,MSFI306
R1946,Active,2052,MSFI307
R1947,Active,2052,MSFI306
R1948,Active,2052,MSFI308
R1949,Dropped,2052,MSFI309
R1950,Active,2052,MSFI301
R1951,Active,2274,MSFI304
R1952,Dropped,2274,MSFI305
R1953,Active,2274,MSFI302
R1954,Waitlisted,2274,MSFI301
R1955,Waitlisted,2274,MSFI309
R1956,Active,2071,MSFI305
R1957,Waitlisted,2071,MSFI309
R1958,Waitlisted,2071,MSFI304
R1959,Active,2071,MSFI306
R1960,Active,2071,MSFI307
R1961,Active,2314,MSFI306
R1962,Active,2314,MSFI301
R1963,Active,2314,MSFI302
R1964,Waitlisted,2314,MSFI307
R1965,Active,2314,MSFI305
R1966,Active,2360,MSFI303
R1967,Active,2360,MSFI306
R1968,Dropped,2360,MSFI304
R1969,Active,2360,MSFI305
R1970,Active,2360,MSFI301
R1971,Active,2334,MSFI305
R1972,Active,2334,MSFI307
R1973,Active,2334,MSFI304
R1974,Active,2334,MSFI302
R1975,Active,2334,MSFI303
R1976,Active,2378,MSFI306
R1977,Active,2378,MSFI302
R1978,Active,2378,MSFI304
R1979,Dropped,2378,MSFI307
R1980,Active,2378,MSFI301
R1981,Active,2187,MSFI301
R1982,Active,2187,MSFI303
R1983,Active,2187,MSFI304
R1984,Waitlisted,2187,MSFI307
R1985,Waitlisted,2187,MSFI306
R1986,Dropped,2021,MSFI308
R1987,Active,2021,MSFI306
R1988,Active,2021,MSFI302
R1989,Active,2021,MSFI307
R1990,Active,2021,MSFI304
R1991,Active,2202,MSFI309
R1992,Active,2202,MSFI304
R1993,Active,2202,MSFI308
R1994,Active,2202,MSFI306
R1995,Active,2202,MSFI307
R1996,Active,2380,MSFI307
R1997,Dropped,2380,MSFI302
R1998,Active,2380,MSFI308
R1999,Active,2380,MSFI309
R2000,Active,2380,MSFI305
R2001,Active,2005,MSFI303
R2002,Active,2005,MSFI305
R2003,Active,2005,MSFI307
R2004,Waitlisted,2005,MSFI308
R2005,Active,2005,MSFI301
R2006,Waitlisted,2382,MSFI304
R2007,Active,2382,MSFI301
R2008,Active,2382,MSFI303
R2009,Active,2382,MSFI305
R2010,Dropped,2382,MSFI307
R2011,Active,2012,MSFI305
R2012,Active,2012,MSFI304
R2013,Active,2012,MSFI302
R2014,Active,2012,MSFI306
R2015,Active,2012,MSFI309
R2016,Active,2203,MSFI308
R2017,Dropped,2203,MSFI307
R2018,Active,2203,MSFI306
R2019,Active,2203,MSFI301
R2020,Active,2203,MSFI309
R2021,Active,2054,MSFI304
R2022,Active,2054,MSFI308
R2023,Active,2054,MSFI307
R2024,Waitlisted,2054,MSFI305
R2025,Active,2054,MSFI302
R2026,Active,2288,MSFI302
R2027,Active,2288,MSFI309
R2028,Active,2288,MSFI308
R2029,Active,2288,MSFI303
R2030,Active,2288,MSFI305
R2031,Active,2147,MSFI301
R2032,Active,2147,MSFI306
R2033,Active,2147,MSFI309
R2034,Active,2147,MSFI302
R2035,Active,2147,MSFI305
R2036,Active,2335,MSFI306
R2037,Active,2335,MSFI305
R2038,Active,2335,MSFI302
R2039,Active,2335,MSFI303
R2040,Waitlisted,2335,MSFI309
R2041,Active,2316,MSDR505
R2042,Active,2316,MSDR507
R2043,Active,2316,MSDR501
R2044,Active,2316,MSDR506
R2045,Active,2316,MSDR502
R2046,Active,2235,MSDR504
R2047,Active,2235,MSDR503
R2048,Active,2235,MSDR505
R2049,Active,2235,MSDR506
R2050,Active,2235,MSDR509
R2051,Active,2035,MSDR506
R2052,Active,2035,MSDR503
R2053,Active,2035,MSDR507
R2054,Active,2035,MSDR502
R2055,Active,2035,MSDR504
R2056,Waitlisted,2234,MSDR507
R2057,Waitlisted,2234,MSDR509
R2058,Active,2234,MSDR502
R2059,Active,2234,MSDR503
R2060,Active,2234,MSDR504
R2061,Active,2007,MSDR505
R2062,Active,2007,MSDR504
R2063,Waitlisted,2007,MSDR502
R2064,Active,2007,MSDR506
R2065,Dropped,2007,MSDR503
R2066,Active,2231,MSDR505
R2067,Active,2231,MSDR509
R2068,Active,2231,MSDR502
R2069,Active,2231,MSDR507
R2070,Waitlisted,2231,MSDR501
R2071,Active,2148,MSDR505
R2072,Waitlisted,2148,MSDR508
R2073,Active,2148,MSDR503
R2074,Active,2148,MSDR509
R2075,Active,2148,MSDR504
R2076,Active,2341,MSDR509
R2077,Dropped,2341,MSDR501
R2078,Active,2341,MSDR506
R2079,Active,2341,MSDR503
R2080,Active,2341,MSDR505
R2081,Active,2001,MSDR502
R2082,Active,2001,MSDR508
R2083,Active,2001,MSDR503
R2084,Active,2001,MSDR506
R2085,Active,2001,MSDR507
R2086,Active,2101,MSDR504
R2087,Active,2101,MSDR503
R2088,Active,2101,MSDR507
R2089,Active,2101,MSDR509
R2090,Active,2101,MSDR505
R2091,Dropped,2201,MSDR504
R2092,Active,2201,MSDR509
R2093,Active,2201,MSDR503
R2094,Active,2201,MSDR508
R2095,Active,2201,MSDR505
R2096,Active,2065,MSDR508
R2097,Active,2065,MSDR509
R2098,Active,2065,MSDR502
R2099,Active,2065,MSDR501
R2100,Active,2065,MSDR504
R2101,Active,2241,MSDR506
R2102,Active,2241,MSDR507
R2103,Active,2241,MSDR503
R2104,Active,2241,MSDR502
R2105,Active,2241,MSDR504
R2106,Active,2149,MSDR501
R2107,Dropped,2149,MSDR509
R2108,Active,2149,MSDR503
R2109,Waitlisted,2149,MSDR506
R2110,Active,2149,MSDR504
R2111,Active,2200,MSDR505
R2112,Active,2200,MSDR509
R2113,Active,2200,MSDR501
R2114,Active,2200,MSDR504
R2115,Active,2200,MSDR508
R2116,Active,2293,MSDR507
R2117,Active,2293,MSDR509
R2118,Active,2293,MSDR504
R2119,Active,2293,MSDR502
R2120,Active,2293,MSDR501
R2121,Active,2109,MSDR502
R2122,Active,2109,MSDR505
R2123,Active,2109,MSDR504
R2124,Active,2109,MSDR506
R2125,Active,2109,MSDR509
R2126,Active,2338,MSDR506
R2127,Active,2338,MSDR505
R2128,Active,2338,MSDR508
R2129,Active,2338,MSDR504
R2130,Active,2338,MSDR502
R2131,Active,2076,MSDR507
R2132,Active,2076,MSDR502
R2133,Active,2076,MSDR504
R2134,Active,2076,MSDR501
R2135,Active,2076,MSDR505
R2136,Active,2050,MSDR507
R2137,Active,2050,MSDR502
R2138,Active,2050,MSDR501
R2139,Active,2050,MSDR504
R2140,Active,2050,MSDR503
R2141,Dropped,2309,H1335
R2142,Active,2309,H1332
R2143,Active,2309,H1331
R2144,Active,2309,H1333
R2145,Active,2309,H1334
R2146,Active,2202,H1332
R2147,Active,2202,H1334
R2148,Active,2202,H1331
R2149,Active,2202,H1335
R2150,Active,2202,H1333
R2151,Active,2389,H1331
R2152,Waitlisted,2389,H1332
R2153,Active,2389,H1335
R2154,Active,2389,H1334
R2155,Active,2389,H1333
R2156,Active,2015,H1334
R2157,Active,2015,H1333
R2158,Active,2015,H1331
R2159,Active,2015,H1332
R2160,Waitlisted,2015,H1335
R2161,Active,2264,H1334
R2162,Active,2264,H1332
R2163,Active,2264,H1335
R2164,Active,2264,H1331
R2165,Active,2264,H1333
R2166,Dropped,2320,H1331
R2167,Dropped,2320,H1332
R2168,Active,2320,H1335
R2169,Active,2320,H1333
R2170,Active,2320,H1334
R2171,Active,2351,H1334
R2172,Active,2351,H1332
R2173,Active,2351,H1335
R2174,Active,2351,H1331
R2175,Active,2351,H1333
R2176,Active,2144,H1335
R2177,Dropped,2144,H1332
R2178,Active,2144,H1333
R2179,Active,2144,H1331
R2180,Dropped,2144,H1334
R2181,Active,2376,H1335
R2182,Waitlisted,2376,H1333
R2183,Active,2376,H1334
R2184,Active,2376,H1332
R2185,Active,2376,H1331
R2186,Dropped,2243,H1333
R2187,Active,2243,H1332
R2188,Active,2243,H1335
R2189,Active,2243,H1334
R2190,Active,2243,H1331
R2191,Active,2336,H1331
R2192,Active,2336,H1333
R2193,Active,2336,H1335
R2194,Dropped,2336,H1334
R2195,Active,2336,H1332
R2196,Active,2241,H1335
R2197,Active,2241,H1333
R2198,Active,2241,H1332
R2199,Active,2241,H1334
R2200,Active,2241,H1331
R2201,Waitlisted,2306,H1333
R2202,Active,2306,H1332
R2203,Active,2306,H1334
R2204,Active,2306,H1331
R2205,Active,2306,H1335
R2206,Active,2338,H1331
R2207,Active,2338,H1332
R2208,Active,2338,H1334
R2209,Active,2338,H1333
R2210,Active,2338,H1335
R2211,Active,2362,H1333
R2212,Active,2362,H1335
R2213,Active,2362,H1331
R2214,Active,2362,H1334
R2215,Active,2362,H1332
R2216,Active,2239,H1333
R2217,Active,2239,H1331
R2218,Active,2239,H1332
R2219,Active,2239,H1334
R2220,Active,2239,H1335
R2221,Active,2291,H1333
R2222,Active,2291,H1331
R2223,Waitlisted,2291,H1332
R2224,Active,2291,H1335
R2225,Active,2291,H1334
R2226,Active,2058,H1332
R2227,Active,2058,H1334
R2228,Active,2058,H1335
R2229,Waitlisted,2058,H1333
R2230,Active,2058,H1331
R2231,Active,2017,H1335
R2232,Active,2017,H1333
R2233,Active,2017,H1332
R2234,Active,2017,H1334
R2235,Active,2017,H1331
R2236,Active,2261,H1331
R2237,Active,2261,H1333
R2238,Active,2261,H1334
R2239,Dropped,2261,H1332
R2240,Active,2261,H1335
R2241,Active,2207,MSPH704
R2242,Active,2207,MSPH702
R2243,Active,2207,MSPH709
R2244,Active,2207,MSPH701
R2245,Active,2207,MSPH705
R2246,Active,2380,MSPH702
R2247,Active,2380,MSPH704
R2248,Active,2380,MSPH701
R2249,Active,2380,MSPH706
R2250,Active,2380,MSPH709
R2251,Active,2195,MSPH701
R2252,Active,2195,MSPH708
R2253,Active,2195,MSPH707
R2254,Active,2195,MSPH702
R2255,Active,2195,MSPH705
R2256,Active,2321,MSPH707
R2257,Active,2321,MSPH703
R2258,Active,2321,MSPH702
R2259,Active,2321,MSPH704
R2260,Active,2321,MSPH701
R2261,Active,2015,MSPH704
R2262,Active,2015,MSPH706
R2263,Active,2015,MSPH709
R2264,Active,2015,MSPH702
R2265,Active,2015,MSPH701
R2266,Active,2304,MSPH706
R2267,Active,2304,MSPH701
R2268,Dropped,2304,MSPH704
R2269,Active,2304,MSPH702
R2270,Active,2304,MSPH703
R2271,Active,2334,MSPH708
R2272,Active,2334,MSPH706
R2273,Active,2334,MSPH707
R2274,Active,2334,MSPH702
R2275,Active,2334,MSPH701
R2276,Active,2029,MSPH705
R2277,Active,2029,MSPH704
R2278,Active,2029,MSPH708
R2279,Active,2029,MSPH703
R2280,Active,2029,MSPH709
R2281,Active,2030,MSPH705
R2282,Active,2030,MSPH703
R2283,Active,2030,MSPH704
R2284,Active,2030,MSPH709
R2285,Active,2030,MSPH706
R2286,Active,2208,MSPH708
R2287,Active,2208,MSPH709
R2288,Active,2208,MSPH707
R2289,Active,2208,MSPH701
R2290,Active,2208,MSPH706
R2291,Active,2231,MSPH705
R2292,Active,2231,MSPH703
R2293,Active,2231,MSPH709
R2294,Active,2231,MSPH708
R2295,Active,2231,MSPH702
R2296,Active,2265,MSPH706
R2297,Active,2265,MSPH705
R2298,Active,2265,MSPH703
R2299,Active,2265,MSPH702
R2300,Active,2265,MSPH707
R2301,Active,2013,MSPH701
R2302,Active,2013,MSPH707
R2303,Waitlisted,2013,MSPH706
R2304,Active,2013,MSPH704
R2305,Active,2013,MSPH703
R2306,Active,2101,MSPH703
R2307,Active,2101,MSPH705
R2308,Dropped,2101,MSPH704
R2309,Dropped,2101,MSPH709
R2310,Active,2101,MSPH702
R2311,Waitlisted,2017,MSPH707
R2312,Dropped,2017,MSPH701
R2313,Active,2017,MSPH708
R2314,Active,2017,MSPH704
R2315,Active,2017,MSPH702
R2316,Waitlisted,2306,MSPH708
R2317,Active,2306,MSPH706
R2318,Active,2306,MSPH705
R2319,Active,2306,MSPH707
R2320,Active,2306,MSPH704
R2321,Active,2285,MSPH709
R2322,Active,2285,MSPH703
R2323,Active,2285,MSPH701
R2324,Active,2285,MSPH707
R2325,Active,2285,MSPH706
R2326,Active,2302,MSPH702
R2327,Active,2302,MSPH706
R2328,Active,2302,MSPH703
R2329,Waitlisted,2302,MSPH701
R2330,Active,2302,MSPH708
R2331,Active,2387,MSPH704
R2332,Active,2387,MSPH707
R2333,Active,2387,MSPH702
R2334,Active,2387,MSPH708
R2335,Active,2387,MSPH709
R2336,Active,2014,MSPH706
R2337,Active,2014,MSPH701
R2338,Active,2014,MSPH704
R2339,Active,2014,MSPH708
R2340,Active,2014,MSPH705
R2341,Active,2147,MSHI809
R2342,Active,2147,MSHI808
R2343,Active,2147,MSHI807
R2344,Active,2147,MSHI803
R2345,Active,2147,MSHI805
R2346,Active,2015,MSHI805
R2347,Active,2015,MSHI808
R2348,Active,2015,MSHI801
R2349,Active,2015,MSHI806
R2350,Active,2015,MSHI802
R2351,Active,2035,MSHI803
R2352,Dropped,2035,MSHI806
R2353,Active,2035,MSHI801
R2354,Active,2035,MSHI807
R2355,Active,2035,MSHI804
R2356,Active,2250,MSHI803
R2357,Dropped,2250,MSHI807
R2358,Active,2250,MSHI809
R2359,Active,2250,MSHI802
R2360,Active,2250,MSHI806
R2361,Active,2188,MSHI806
R2362,Dropped,2188,MSHI801
R2363,Active,2188,MSHI807
R2364,Active,2188,MSHI803
R2365,Active,2188,MSHI808
R2366,Active,2104,MSHI801
R2367,Active,2104,MSHI806
R2368,Dropped,2104,MSHI802
R2369,Active,2104,MSHI805
R2370,Active,2104,MSHI808
R2371,Active,2376,MSHI805
R2372,Active,2376,MSHI808
R2373,Active,2376,MSHI806
R2374,Dropped,2376,MSHI807
R2375,Active,2376,MSHI801
R2376,Active,2129,MSHI808
R2377,Active,2129,MSHI806
R2378,Active,2129,MSHI802
R2379,Active,2129,MSHI804
R2380,Active,2129,MSHI803
R2381,Active,2332,MSHI808
R2382,Active,2332,MSHI809
R2383,Active,2332,MSHI806
R2384,Active,2332,MSHI805
R2385,Active,2332,MSHI801
R2386,Active,2213,MSHI802
R2387,Active,2213,MSHI809
R2388,Waitlisted,2213,MSHI803
R2389,Active,2213,MSHI801
R2390,Active,2213,MSHI804
R2391,Active,2021,MSHI805
R2392,Active,2021,MSHI801
R2393,Active,2021,MSHI803
R2394,Waitlisted,2021,MSHI804
R2395,Active,2021,MSHI807
R2396,Active,2103,MSHI809
R2397,Active,2103,MSHI801
R2398,Active,2103,MSHI808
R2399,Active,2103,MSHI804
R2400,Active,2103,MSHI805
R2401,Active,2400,MSHI802
R2402,Active,2400,MSHI806
R2403,Active,2400,MSHI807
R2404,Active,2400,MSHI801
R2405,Active,2400,MSHI803
R2406,Active,2112,MSHI805
R2407,Dropped,2112,MSHI808
R2408,Active,2112,MSHI807
R2409,Active,2112,MSHI801
R2410,Active,2112,MSHI809
R2411,Dropped,2064,MSHI802
R2412,Active,2064,MSHI809
R2413,Active,2064,MSHI807
R2414,Active,2064,MSHI806
R2415,Active,2064,MSHI808
R2416,Active,2181,MSHI808
R2417,Active,2181,MSHI801
R2418,Active,2181,MSHI803
R2419,Active,2181,MSHI805
R2420,Active,2181,MSHI806
R2421,Active,2013,MSHI802
R2422,Active,2013,MSHI806
R2423,Active,2013,MSHI807
R2424,Dropped,2013,MSHI804
R2425,Active,2013,MSHI809
R2426,Active,2292,MSHI808
R2427,Active,2292,MSHI804
R2428,Active,2292,MSHI802
R2429,Active,2292,MSHI805
R2430,Waitlisted,2292,MSHI809
R2431,Active,2295,MSHI802
R2432,Active,2295,MSHI805
R2433,Waitlisted,2295,MSHI804
R2434,Active,2295,MSHI806
R2435,Active,2295,MSHI801
R2436,Active,2324,MSHI803
R2437,Active,2324,MSHI804
R2438,Active,2324,MSHI809
R2439,Active,2324,MSHI807
R2440,Active,2324,MSHI802
R2441,Dropped,2244,MSBE907
R2442,Active,2244,MSBE906
R2443,Active,2244,MSBE908
R2444,Active,2244,MSBE905
R2445,Active,2244,MSBE904
R2446,Active,2381,MSBE908
R2447,Active,2381,MSBE902
R2448,Active,2381,MSBE909
R2449,Active,2381,MSBE907
R2450,Active,2381,MSBE905
R2451,Active,2251,MSBE907
R2452,Active,2251,MSBE905
R2453,Active,2251,MSBE901
R2454,Active,2251,MSBE909
R2455,Active,2251,MSBE908
R2456,Active,2125,MSBE908
R2457,Active,2125,MSBE903
R2458,Active,2125,MSBE909
R2459,Waitlisted,2125,MSBE902
R2460,Active,2125,MSBE901
R2461,Active,2306,MSBE901
R2462,Active,2306,MSBE908
R2463,Active,2306,MSBE905
R2464,Active,2306,MSBE902
R2465,Active,2306,MSBE909
R2466,Waitlisted,2309,MSBE905
R2467,Active,2309,MSBE909
R2468,Active,2309,MSBE906
R2469,Waitlisted,2309,MSBE907
R2470,Active,2309,MSBE901
R2471,Active,2067,MSBE906
R2472,Active,2067,MSBE903
R2473,Active,2067,MSBE907
R2474,Active,2067,MSBE901
R2475,Active,2067,MSBE902
R2476,Active,2076,MSBE902
R2477,Active,2076,MSBE903
R2478,Active,2076,MSBE907
R2479,Active,2076,MSBE906
R2480,Active,2076,MSBE901
R2481,Active,2320,MSBE902
R2482,Active,2320,MSBE901
R2483,Active,2320,MSBE903
R2484,Active,2320,MSBE906
R2485,Active,2320,MSBE909
R2486,Active,2339,MSBE901
R2487,Active,2339,MSBE909
R2488,Active,2339,MSBE906
R2489,Active,2339,MSBE903
R2490,Active,2339,MSBE907
R2491,Active,2337,MSBE903
R2492,Active,2337,MSBE902
R2493,Dropped,2337,MSBE907
R2494,Active,2337,MSBE901
R2495,Waitlisted,2337,MSBE904
R2496,Active,2231,MSBE901
R2497,Active,2231,MSBE904
R2498,Active,2231,MSBE907
R2499,Active,2231,MSBE908
R2500,Active,2231,MSBE905
R2501,Active,2084,MSBE907
R2502,Active,2084,MSBE904
R2503,Active,2084,MSBE903
R2504,Active,2084,MSBE902
R2505,Active,2084,MSBE909
R2506,Active,2213,MSBE904
R2507,Active,2213,MSBE907
R2508,Active,2213,MSBE901
R2509,Active,2213,MSBE906
R2510,Active,2213,MSBE905
R2511,Active,2286,MSBE904
R2512,Active,2286,MSBE907
R2513,Dropped,2286,MSBE908
R2514,Active,2286,MSBE901
R2515,Active,2286,MSBE905
R2516,Active,2023,MSBE905
R2517,Waitlisted,2023,MSBE906
R2518,Active,2023,MSBE909
R2519,Active,2023,MSBE903
R2520,Active,2023,MSBE908
R2521,Active,2101,MSBE909
R2522,Active,2101,MSBE904
R2523,Active,2101,MSBE908
R2524,Active,2101,MSBE903
R2525,Active,2101,MSBE906
R2526,Active,2032,MSBE908
R2527,Active,2032,MSBE901
R2528,Active,2032,MSBE905
R2529,Dropped,2032,MSBE909
R2530,Active,2032,MSBE904
R2531,Active,2198,MSBE903
R2532,Waitlisted,2198,MSBE906
R2533,Active,2198,MSBE907
R2534,Active,2198,MSBE909
R2535,Active,2198,MSBE905
R2536,Active,2360,MSBE903
R2537,Active,2360,MSBE906
R2538,Active,2360,MSBE908
R2539,Active,2360,MSBE902
R2540,Active,2360,MSBE909
R2541,Active,2276,MSCE119
R2542,Active,2276,MSCE113
R2543,Active,2276,MSCE112
R2544,Active,2276,MSCE118
R2545,Active,2276,MSCE111
R2546,Active,2114,MSCE112
R2547,Active,2114,MSCE115
R2548,Active,2114,MSCE119
R2549,Active,2114,MSCE116
R2550,Active,2114,MSCE117
R2551,Active,2002,MSCE119
R2552,Active,2002,MSCE113
R2553,Active,2002,MSCE114
R2554,Active,2002,MSCE118
R2555,Active,2002,MSCE117
R2556,Active,2031,MSCE113
R2557,Active,2031,MSCE119
R2558,Active,2031,MSCE111
R2559,Active,2031,MSCE117
R2560,Active,2031,MSCE118
R2561,Active,2260,MSCE112
R2562,Active,2260,MSCE119
R2563,Active,2260,MSCE117
R2564,Active,2260,MSCE118
R2565,Active,2260,MSCE116
R2566,Active,2212,MSCE119
R2567,Active,2212,MSCE118
R2568,Active,2212,MSCE113
R2569,Active,2212,MSCE114
R2570,Active,2212,MSCE117
R2571,Active,2362,MSCE116
R2572,Active,2362,MSCE115
R2573,Active,2362,MSCE117
R2574,Active,2362,MSCE111
R2575,Active,2362,MSCE112
R2576,Dropped,2103,MSCE116
R2577,Active,2103,MSCE118
R2578,Dropped,2103,MSCE112
R2579,Active,2103,MSCE119
R2580,Active,2103,MSCE117
R2581,Active,2243,MSCE119
R2582,Active,2243,MSCE113
R2583,Active,2243,MSCE114
R2584,Active,2243,MSCE116
R2585,Active,2243,MSCE112
R2586,Active,2257,MSCE119
R2587,Active,2257,MSCE116
R2588,Active,2257,MSCE114
R2589,Active,2257,MSCE112
R2590,Active,2257,MSCE118
R2591,Dropped,2382,MSCE117
R2592,Active,2382,MSCE118
R2593,Active,2382,MSCE113
R2594,Active,2382,MSCE112
R2595,Active,2382,MSCE115
R2596,Active,2308,MSCE115
R2597,Active,2308,MSCE119
R2598,Active,2308,MSCE117
R2599,Active,2308,MSCE111
R2600,Active,2308,MSCE118
R2601,Active,2043,MSCE115
R2602,Active,2043,MSCE111
R2603,Active,2043,MSCE116
R2604,Active,2043,MSCE113
R2605,Active,2043,MSCE117
R2606,Active,2035,MSCE114
R2607,Active,2035,MSCE118
R2608,Active,2035,MSCE113
R2609,Active,2035,MSCE117
R2610,Active,2035,MSCE112
R2611,Active,2104,MSCE111
R2612,Waitlisted,2104,MSCE113
R2613,Active,2104,MSCE119
R2614,Dropped,2104,MSCE117
R2615,Active,2104,MSCE112
R2616,Active,2194,MSCE117
R2617,Active,2194,MSCE114
R2618,Active,2194,MSCE115
R2619,Active,2194,MSCE112
R2620,Active,2194,MSCE116
R2621,Active,2389,MSCE116
R2622,Active,2389,MSCE112
R2623,Active,2389,MSCE113
R2624,Active,2389,MSCE111
R2625,Active,2389,MSCE118
R2626,Active,2184,MSCE115
R2627,Waitlisted,2184,MSCE116
R2628,Active,2184,MSCE111
R2629,Active,2184,MSCE114
R2630,Active,2184,MSCE112
R2631,Active,2240,MSCE119
R2632,Active,2240,MSCE117
R2633,Active,2240,MSCE116
R2634,Active,2240,MSCE112
R2635,Active,2240,MSCE111
R2636,Active,2051,MSCE115
R2637,Waitlisted,2051,MSCE116
R2638,Active,2051,MSCE118
R2639,Active,2051,MSCE117
R2640,Active,2051,MSCE112
R2641,Active,2340,I0233
R2642,Active,2340,I0231
R2643,Dropped,2340,I0232
R2644,Waitlisted,2340,I0234
R2645,Active,2340,I0235
R2646,Active,2083,I0235
R2647,Active,2083,I0233
R2648,Active,2083,I0232
R2649,Active,2083,I0231
R2650,Active,2083,I0234
R2651,Active,2294,I0235
R2652,Waitlisted,2294,I0232
R2653,Active,2294,I0234
R2654,Active,2294,I0231
R2655,Active,2294,I0233
R2656,Active,2160,I0234
R2657,Active,2160,I0233
R2658,Active,2160,I0235
R2659,Waitlisted,2160,I0231
R2660,Active,2160,I0232
R2661,Active,2256,I0234
R2662,Active,2256,I0235
R2663,Active,2256,I0232
R2664,Active,2256,I0231
R2665,Active,2256,I0233
R2666,Dropped,2010,I0232
R2667,Active,2010,I0231
R2668,Active,2010,I0235
R2669,Active,2010,I0233
R2670,Active,2010,I0234
R2671,Active,2313,I0232
R2672,Active,2313,I0235
R2673,Active,2313,I0231
R2674,Active,2313,I0234
R2675,Waitlisted,2313,I0233
R2676,Active,2166,I0234
R2677,Active,2166,I0231
R2678,Active,2166,I0232
R2679,Active,2166,I0235
R2680,Active,2166,I0233
R2681,Active,2095,I0231
R2682,Active,2095,I0233
R2683,Dropped,2095,I0234
R2684,Active,2095,I0232
R2685,Active,2095,I0235
R2686,Active,2242,I0231
R2687,Active,2242,I0232
R2688,Active,2242,I0234
R2689,Active,2242,I0233
R2690,Active,2242,I0235
R2691,Active,2347,I0232
R2692,Active,2347,I0233
R2693,Active,2347,I0231
R2694,Waitlisted,2347,I0235
R2695,Active,2347,I0234
R2696,Active,2209,I0235
R2697,Active,2209,I0232
R2698,Active,2209,I0231
R2699,Active,2209,I0233
R2700,Active,2209,I0234
R2701,Active,2214,I0233
R2702,Dropped,2214,I0234
R2703,Active,2214,I0235
R2704,Dropped,2214,I0232
R2705,Active,2214,I0231
R2706,Active,2344,I0231
R2707,Active,2344,I0235
R2708,Active,2344,I0234
R2709,Active,2344,I0232
R2710,Active,2344,I0233
R2711,Active,2224,I0235
R2712,Active,2224,I0234
R2713,Active,2224,I0233
R2714,Active,2224,I0232
R2715,Active,2224,I0231
R2716,Active,2289,I0232
R2717,Dropped,2289,I0235
R2718,Active,2289,I0233
R2719,Active,2289,I0234
R2720,Active,2289,I0231
R2721,Active,2087,I0232
R2722,Active,2087,I0235
R2723,Active,2087,I0233
R2724,Active,2087,I0234
R2725,Waitlisted,2087,I0231
R2726,Active,2113,I0235
R2727,Active,2113,I0233
R2728,Active,2113,I0231
R2729,Active,2113,I0234
R2730,Active,2113,I0232
R2731,Active,2176,I0232
R2732,Active,2176,I0233
R2733,Active,2176,I0235
R2734,Active,2176,I0231
R2735,Active,2176,I0234
R2736,Active,2268,I0234
R2737,Active,2268,I0235
R2738,Active,2268,I0233
R2739,Active,2268,I0231
R2740,Active,2268,I0232
R2741,Active,2305,M0634
R2742,Active,2305,M0633
R2743,Active,2305,M0632
R2744,Active,2305,M0631
R2745,Active,2305,M0635
R2746,Active,2392,M0633
R2747,Active,2392,M0635
R2748,Active,2392,M0632
R2749,Active,2392,M0631
R2750,Active,2392,M0634
R2751,Active,2311,M0633
R2752,Dropped,2311,M0632
R2753,Active,2311,M0634
R2754,Active,2311,M0635
R2755,Active,2311,M0631
R2756,Active,2271,M0632
R2757,Active,2271,M0631
R2758,Active,2271,M0633
R2759,Active,2271,M0634
R2760,Active,2271,M0635
R2761,Active,2060,M0631
R2762,Active,2060,M0634
R2763,Active,2060,M0635
R2764,Active,2060,M0632
R2765,Active,2060,M0633
R2766,Active,2256,M0634
R2767,Active,2256,M0631
R2768,Waitlisted,2256,M0633
R2769,Active,2256,M0632
R2770,Active,2256,M0635
R2771,Active,2277,M0631
R2772,Active,2277,M0635
R2773,Dropped,2277,M0632
R2774,Active,2277,M0633
R2775,Active,2277,M0634
R2776,Active,2238,M0634
R2777,Active,2238,M0632
R2778,Dropped,2238,M0633
R2779,Active,2238,M0635
R2780,Active,2238,M0631
R2781,Dropped,2254,M0631
R2782,Waitlisted,2254,M0632
R2783,Active,2254,M0634
R2784,Active,2254,M0635
R2785,Active,2254,M0633
R2786,Active,2329,M0633
R2787,Active,2329,M0631
R2788,Active,2329,M0634
R2789,Active,2329,M0635
R2790,Active,2329,M0632
R2791,Active,2399,M0633
R2792,Active,2399,M0635
R2793,Active,2399,M0631
R2794,Active,2399,M0634
R2795,Active,2399,M0632
R2796,Active,2170,M0631
R2797,Active,2170,M0634
R2798,Active,2170,M0632
R2799,Active,2170,M0633
R2800,Active,2170,M0635
R2801,Active,2224,M0634
R2802,Active,2224,M0631
R2803,Active,2224,M0632
R2804,Active,2224,M0633
R2805,Dropped,2224,M0635
R2806,Active,2252,M0634
R2807,Active,2252,M0631
R2808,Active,2252,M0632
R2809,Active,2252,M0635
R2810,Active,2252,M0633
R2811,Active,2189,M0632
R2812,Active,2189,M0634
R2813,Active,2189,M0635
R2814,Active,2189,M0631
R2815,Active,2189,M0633
R2816,Active,2343,M0634
R2817,Active,2343,M0631
R2818,Active,2343,M0635
R2819,Active,2343,M0633
R2820,Active,2343,M0632
R2821,Active,2098,M0634
R2822,Active,2098,M0631
R2823,Active,2098,M0633
R2824,Waitlisted,2098,M0632
R2825,Waitlisted,2098,M0635
R2826,Active,2169,M0632
R2827,Active,2169,M0634
R2828,Active,2169,M0635
R2829,Active,2169,M0631
R2830,Active,2169,M0633
R2831,Active,2180,M0631
R2832,Active,2180,M0634
R2833,Active,2180,M0635
R2834,Active,2180,M0633
R2835,Active,2180,M0632
R2836,Active,2040,M0632
R2837,Active,2040,M0634
R2838,Active,2040,M0633
R2839,Active,2040,M0631
R2840,Active,2040,M0635
R2841,Active,2333,MSDA404
R2842,Active,2333,MSDA401
R2843,Active,2333,MSDA405
R2844,Active,2333,MSDA408
R2845,Waitlisted,2333,MSDA407
R2846,Active,2289,MSDA403
R2847,Active,2289,MSDA408
R2848,Active,2289,MSDA401
R2849,Active,2289,MSDA406
R2850,Active,2289,MSDA407
R2851,Active,2028,MSDA408
R2852,Dropped,2028,MSDA409
R2853,Active,2028,MSDA401
R2854,Active,2028,MSDA405
R2855,Active,2028,MSDA406
R2856,Active,2140,MSDA403
R2857,Active,2140,MSDA402
R2858,Active,2140,MSDA408
R2859,Active,2140,MSDA404
R2860,Active,2140,MSDA409
R2861,Active,2090,MSDA401
R2862,Active,2090,MSDA404
R2863,Active,2090,MSDA408
R2864,Active,2090,MSDA405
R2865,Active,2090,MSDA403
R2866,Active,2180,MSDA409
R2867,Dropped,2180,MSDA406
R2868,Active,2180,MSDA404
R2869,Active,2180,MSDA408
R2870,Active,2180,MSDA403
R2871,Active,2227,MSDA403
R2872,Active,2227,MSDA407
R2873,Active,2227,MSDA405
R2874,Active,2227,MSDA409
R2875,Active,2227,MSDA408
R2876,Active,2344,MSDA403
R2877,Active,2344,MSDA402
R2878,Active,2344,MSDA401
R2879,Active,2344,MSDA408
R2880,Active,2344,MSDA405
R2881,Active,2004,MSDA401
R2882,Active,2004,MSDA403
R2883,Active,2004,MSDA405
R2884,Active,2004,MSDA402
R2885,Active,2004,MSDA407
R2886,Active,2326,MSDA402
R2887,Active,2326,MSDA408
R2888,Active,2326,MSDA409
R2889,Active,2326,MSDA404
R2890,Active,2326,MSDA401
R2891,Active,2156,MSDA404
R2892,Active,2156,MSDA401
R2893,Active,2156,MSDA402
R2894,Active,2156,MSDA409
R2895,Active,2156,MSDA407
R2896,Active,2154,MSDA408
R2897,Active,2154,MSDA407
R2898,Active,2154,MSDA406
R2899,Active,2154,MSDA404
R2900,Active,2154,MSDA402
R2901,Active,2025,MSDA407
R2902,Active,2025,MSDA405
R2903,Active,2025,MSDA403
R2904,Active,2025,MSDA408
R2905,Active,2025,MSDA402
R2906,Active,2107,MSDA402
R2907,Active,2107,MSDA401
R2908,Active,2107,MSDA406
R2909,Active,2107,MSDA407
R2910,Active,2107,MSDA405
R2911,Active,2079,MSDA404
R2912,Waitlisted,2079,MSDA401
R2913,Active,2079,MSDA403
R2914,Active,2079,MSDA409
R2915,Active,2079,MSDA408
R2916,Active,2040,MSDA402
R2917,Active,2040,MSDA405
R2918,Active,2040,MSDA401
R2919,Active,2040,MSDA406
R2920,Active,2040,MSDA403
R2921,Active,2390,MSDA408
R2922,Active,2390,MSDA401
R2923,Active,2390,MSDA406
R2924,Active,2390,MSDA403
R2925,Active,2390,MSDA407
R2926,Active,2399,MSDA407
R2927,Active,2399,MSDA406
R2928,Active,2399,MSDA408
R2929,Active,2399,MSDA405
R2930,Active,2399,MSDA404
R2931,Active,2228,MSDA401
R2932,Active,2228,MSDA405
R2933,Waitlisted,2228,MSDA409
R2934,Active,2228,MSDA407
R2935,Active,2228,MSDA408
R2936,Active,2252,MSDA404
R2937,Active,2252,MSDA403
R2938,Active,2252,MSDA409
R2939,Active,2252,MSDA405
R2940,Active,2252,MSDA408
R2941,Active,2391,P0935
R2942,Active,2391,P0932
R2943,Active,2391,P0934
R2944,Active,2391,P0931
R2945,Active,2391,P0933
R2946,Active,2141,P0933
R2947,Active,2141,P0935
R2948,Active,2141,P0934
R2949,Active,2141,P0931
R2950,Active,2141,P0932
R2951,Active,2350,P0935
R2952,Active,2350,P0934
R2953,Active,2350,P0931
R2954,Dropped,2350,P0933
R2955,Active,2350,P0932
R2956,Active,2068,P0935
R2957,Active,2068,P0931
R2958,Active,2068,P0932
R2959,Active,2068,P0933
R2960,Active,2068,P0934
R2961,Active,2098,P0933
R2962,Active,2098,P0934
R2963,Active,2098,P0931
R2964,Waitlisted,2098,P0935
R2965,Active,2098,P0932
R2966,Active,2296,P0935
R2967,Active,2296,P0931
R2968,Active,2296,P0933
R2969,Active,2296,P0932
R2970,Active,2296,P0934
R2971,Active,2143,P0933
R2972,Active,2143,P0935
R2973,Active,2143,P0932
R2974,Dropped,2143,P0931
R2975,Dropped,2143,P0934
R2976,Waitlisted,2289,P0931
R2977,Active,2289,P0934
R2978,Active,2289,P0935
R2979,Active,2289,P0933
R2980,Active,2289,P0932
R2981,Active,2070,P0932
R2982,Active,2070,P0931
R2983,Active,2070,P0935
R2984,Active,2070,P0933
R2985,Active,2070,P0934
R2986,Waitlisted,2329,P0934
R2987,Active,2329,P0932
R2988,Active,2329,P0935
R2989,Active,2329,P0931
R2990,Active,2329,P0933
R2991,Active,2081,P0932
R2992,Active,2081,P0933
R2993,Active,2081,P0935
R2994,Active,2081,P0931
R2995,Active,2081,P0934
R2996,Active,2016,P0931
R2997,Active,2016,P0935
R2998,Active,2016,P0932
R2999,Active,2016,P0934
R3000,Active,2016,P0933
R3001,Active,2219,P0932
R3002,Dropped,2219,P0934
R3003,Active,2219,P0935
R3004,Active,2219,P0931
R3005,Active,2219,P0933
R3006,Active,2166,P0935
R3007,Active,2166,P0933
R3008,Active,2166,P0931
R3009,Active,2166,P0932
R3010,Active,2166,P0934
R3011,Active,2287,P0934
R3012,Active,2287,P0933
R3013,Active,2287,P0932
R3014,Active,2287,P0931
R3015,Active,2287,P0935
R3016,Active,2169,P0931
R3017,Dropped,2169,P0933
R3018,Waitlisted,2169,P0935
R3019,Waitlisted,2169,P0934
R3020,Active,2169,P0932
R3021,Active,2074,P0933
R3022,Active,2074,P0934
R3023,Active,2074,P0931
R3024,Active,2074,P0935
R3025,Active,2074,P0932
R3026,Active,2221,P0931
R3027,Active,2221,P0934
R3028,Active,2221,P0935
R3029,Active,2221,P0933
R3030,Active,2221,P0932
R3031,Active,2256,P0935
R3032,Active,2256,P0932
R3033,Active,2256,P0933
R3034,Active,2256,P0934
R3035,Waitlisted,2256,P0931
R3036,Dropped,2224,P0931
R3037,Waitlisted,2224,P0933
R3038,Active,2224,P0935
R3039,Active,2224,P0934
R3040,Active,2224,P0932
